STATION,NAME,LATITUDE,LONGITUDE,ELEVATION,DATE,AWND,AWND_ATTRIBUTES,PRCP,PRCP_ATTRIBUTES,SNOW,SNOW_ATTRIBUTES,SNWD,SNWD_ATTRIBUTES,TAVG,TAVG_ATTRIBUTES,TMAX,TMAX_ATTRIBUTES,TMIN,TMIN_ATTRIBUTES,WDF2,WDF2_ATTRIBUTES,WDF5,WDF5_ATTRIBUTES,WSF2,WSF2_ATTRIBUTES,WSF5,WSF5_ATTRIBUTES,WT01,WT01_ATTRIBUTES,WT02,WT02_ATTRIBUTES,WT04,WT04_ATTRIBUTES,WT06,WT06_ATTRIBUTES,WT08,WT08_ATTRIBUTES
USW00094728,"NY CITY CENTRAL PARK, NY US",40.77898,-73.96925,42.7,1/1/2015,7.16,",,W",0,",,W,2400",0,",,W,",0,",,W,",,,39,",,W",27,",,W",260,",,W",250,",,W",17,",,W",31.1,",,W",,,,,,,,,,
USW00094728,"NY CITY CENTRAL PARK, NY US",40.77898,-73.96925,42.7,1/2/2015,7.16,",,W",0,",,W,2400",0,",,W,",0,",,W,",,,42,",,W",35,",,W",260,",,W",310,",,W",15,",,W",25.1,",,W",,,,,,,,,,
USW00094728,"NY CITY CENTRAL PARK, NY US",40.77898,-73.96925,42.7,1/3/2015,6.49,",,W",0.71,",,W,2400",0,"T,,W,",0,",,W,",,,42,",,W",33,",,W",80,",,W",70,",,W",12.1,",,W",18.1,",,W",1,",,W",,,,,,,1,",,W"
USW00094728,"NY CITY CENTRAL PARK, NY US",40.77898,-73.96925,42.7,1/4/2015,6.49,",,W",0.3,",,W,2400",0,",,W,",0,",,W,",,,56,",,W",41,",,W",280,",,W",260,",,W",29.1,",,W",46.1,",,W",1,",,W",,,,,,,,
USW00094728,"NY CITY CENTRAL PARK, NY US",40.77898,-73.96925,42.7,1/5/2015,10.51,",,W",0,",,W,2400",0,",,W,",0,",,W,",,,49,",,W",21,",,W",280,",,W",300,",,W",23.9,",,W",38,",,W",,,,,,,,,,
USW00094728,"NY CITY CENTRAL PARK, NY US",40.77898,-73.96925,42.7,1/6/2015,4.03,",,W",0.05,",,W,2400",1,",,W,",0,",,W,",,,22,",,W",19,",,W",320,",,W",280,",,W",14.1,",,W",23.9,",,W",,,,,,,,,1,",,W"
USW00094728,"NY CITY CENTRAL PARK, NY US",40.77898,-73.96925,42.7,1/7/2015,12.75,",,W",0,",,W,2400",0,",,W,",1,",,W,",,,23,",,W",9,",,W",310,",,W",300,",,W",21.9,",,W",38.9,",,W",,,,,,,,,,
USW00094728,"NY CITY CENTRAL PARK, NY US",40.77898,-73.96925,42.7,1/8/2015,8.72,",,W",0,",,W,2400",0,",,W,",0,"T,,W,",,,21,",,W",8,",,W",310,",,W",310,",,W",18.1,",,W",31.1,",,W",,,,,,,,,,
USW00094728,"NY CITY CENTRAL PARK, NY US",40.77898,-73.96925,42.7,1/9/2015,8.72,",,W",0.07,",,W,2400",1.5,",,W,",0,"T,,W,",,,33,",,W",19,",,W",280,",,W",290,",,W",21,",,W",30,",,W",,,,,,,,,1,",,W"
USW00094728,"NY CITY CENTRAL PARK, NY US",40.77898,-73.96925,42.7,1/10/2015,8.05,",,W",0,",,W,2400",0,",,W,",1,",,W,",,,23,",,W",16,",,W",250,",,W",230,",,W",18.1,",,W",25.1,",,W",,,,,,,,,,
USW00094728,"NY CITY CENTRAL PARK, NY US",40.77898,-73.96925,42.7,1/11/2015,6.04,",,W",0,",,W,2400",0,",,W,",1,",,W,",,,37,",,W",18,",,W",230,",,W",250,",,W",14.1,",,W",23.9,",,W",,,,,,,,,,
USW00094728,"NY CITY CENTRAL PARK, NY US",40.77898,-73.96925,42.7,1/12/2015,3.8,",,W",0.36,",,W,2400",0,"T,,W,",0,"T,,W,",,,39,",,W",35,",,W",260,",,W",260,",,W",12.1,",,W",19.9,",,W",1,",,W",,,1,",,W",,,,
USW00094728,"NY CITY CENTRAL PARK, NY US",40.77898,-73.96925,42.7,1/13/2015,8.5,",,W",0,",,W,2400",0,",,W,",0,",,W,",,,36,",,W",17,",,W",30,",,W",40,",,W",18.1,",,W",25.1,",,W",,,,,,,,,,
USW00094728,"NY CITY CENTRAL PARK, NY US",40.77898,-73.96925,42.7,1/14/2015,6.26,",,W",0,",,W,2400",0,",,W,",0,",,W,",,,32,",,W",16,",,W",70,",,W",80,",,W",14.1,",,W",17,",,W",,,,,,,,,,
USW00094728,"NY CITY CENTRAL PARK, NY US",40.77898,-73.96925,42.7,1/15/2015,4.7,",,W",0,",,W,2400",0,",,W,",0,",,W,",,,35,",,W",25,",,W",250,",,W",290,",,W",15,",,W",19.9,",,W",,,,,,,,,,
USW00094728,"NY CITY CENTRAL PARK, NY US",40.77898,-73.96925,42.7,1/16/2015,9.84,",,W",0,",,W,2400",0,",,W,",0,",,W,",,,43,",,W",20,",,W",310,",,W",320,",,W",21,",,W",32,",,W",,,,,,,,,1,",,W"
USW00094728,"NY CITY CENTRAL PARK, NY US",40.77898,-73.96925,42.7,1/17/2015,6.04,",,W",0,",,W,2400",0,",,W,",0,",,W,",,,32,",,W",17,",,W",310,",,W",190,",,W",14.1,",,W",23,",,W",,,,,,,,,,
USW00094728,"NY CITY CENTRAL PARK, NY US",40.77898,-73.96925,42.7,1/18/2015,3.8,",,W",2.1,",,W,2400",0,",,W,",0,",,W,",,,42,",,W",31,",,W",270,",,W",210,",,W",10.1,",,W",19.9,",,W",1,",,W",1,",,W",,,,,,
USW00094728,"NY CITY CENTRAL PARK, NY US",40.77898,-73.96925,42.7,1/19/2015,7.61,",,W",0,",,W,2400",0,",,W,",0,",,W,",,,42,",,W",36,",,W",290,",,W",270,",,W",16.1,",,W",33.1,",,W",,,,,,,,,,
USW00094728,"NY CITY CENTRAL PARK, NY US",40.77898,-73.96925,42.7,1/20/2015,5.82,",,W",0,",,W,2400",0,",,W,",0,",,W,",,,40,",,W",32,",,W",290,",,W",280,",,W",13,",,W",19.9,",,W",,,,,,,,,,
USW00094728,"NY CITY CENTRAL PARK, NY US",40.77898,-73.96925,42.7,1/21/2015,4.25,",,W",0,",,W,2400",0,",,W,",0,",,W,",,,36,",,W",25,",,W",350,",,W",20,",,W",10.1,",,W",15,",,W",,,,,,,,,,
USW00094728,"NY CITY CENTRAL PARK, NY US",40.77898,-73.96925,42.7,1/22/2015,5.59,",,W",0,",,W,2400",0,",,W,",0,",,W,",,,40,",,W",31,",,W",310,",,W",300,",,W",14.1,",,W",21.9,",,W",,,,,,,,,1,",,W"
USW00094728,"NY CITY CENTRAL PARK, NY US",40.77898,-73.96925,42.7,1/23/2015,5.59,",,W",0,",,W,2400",0,",,W,",0,",,W,",,,39,",,W",28,",,W",250,",,W",250,",,W",14.1,",,W",19,",,W",,,,,,,,,,
USW00094728,"NY CITY CENTRAL PARK, NY US",40.77898,-73.96925,42.7,1/24/2015,6.04,",,W",0.72,",,W,2400",3.6,",,W,",3,",,W,",,,39,",,W",33,",,W",290,",,W",290,",,W",14.1,",,W",23.9,",,W",1,",,W",,,,,,,1,",,W"
USW00094728,"NY CITY CENTRAL PARK, NY US",40.77898,-73.96925,42.7,1/25/2015,6.26,",,W",0,",,W,2400",0,",,W,",2,",,W,",,,42,",,W",31,",,W",250,",,W",260,",,W",17,",,W",30,",,W",,,,,,,,,,
USW00094728,"NY CITY CENTRAL PARK, NY US",40.77898,-73.96925,42.7,1/26/2015,12.75,",,W",0.48,",,W,2400",5.5,",,W,",2,",,W,",,,31,",,W",22,",,W",60,",,W",50,",,W",23,",,W",34,",,W",1,",,W",1,",,W",,,,,1,",,W"
USW00094728,"NY CITY CENTRAL PARK, NY US",40.77898,-73.96925,42.7,1/27/2015,8.28,",,W",0.36,",,W,2400",4.3,",,W,",8,",,W,",,,30,",,W",20,",,W",10,",,W",330,",,W",17,",,W",30,",,W",1,",,W",1,",,W",,,,,1,",,W"
USW00094728,"NY CITY CENTRAL PARK, NY US",40.77898,-73.96925,42.7,1/28/2015,7.61,",,W",0,",,W,2400",0,",,W,",8,",,W,",,,34,",,W",16,",,W",310,",,W",310,",,W",16.1,",,W",23.9,",,W",,,,,,,,,,
USW00094728,"NY CITY CENTRAL PARK, NY US",40.77898,-73.96925,42.7,1/29/2015,3.8,",,W",0.02,",,W,2400",0,"T,,W,",6,",,W,",,,36,",,W",19,",,W",190,",,W",180,",,W",14.1,",,W",19.9,",,W",,,,,,,,,,
USW00094728,"NY CITY CENTRAL PARK, NY US",40.77898,-73.96925,42.7,1/30/2015,10.51,",,W",0.06,",,W,2400",1,",,W,",7,",,W,",,,38,",,W",19,",,W",310,",,W",300,",,W",21.9,",,W",36,",,W",1,",,W",,,,,,,1,",,W"
USW00094728,"NY CITY CENTRAL PARK, NY US",40.77898,-73.96925,42.7,1/31/2015,12.3,",,W",0,",,W,2400",0,",,W,",7,",,W,",,,26,",,W",13,",,W",310,",,W",290,",,W",23.9,",,W",44.1,",,W",,,,,,,,,,
USW00094728,"NY CITY CENTRAL PARK, NY US",40.77898,-73.96925,42.7,2/1/2015,3.8,",,W",0.03,",,W,2400",0.3,",,W,",6,",,W,",,,36,",,W",20,",,W",250,",,W",260,",,W",12.1,",,W",17,",,W",1,",,W",,,,,,,1,",,W"
USW00094728,"NY CITY CENTRAL PARK, NY US",40.77898,-73.96925,42.7,2/2/2015,9.84,",,W",1.02,",,W,2400",5,",,W,",7,",,W,",,,34,",,W",14,",,W",70,",,W",310,",,W",21.9,",,W",32,",,W",1,",,W",1,",,W",,,1,",,W",1,",,W"
USW00094728,"NY CITY CENTRAL PARK, NY US",40.77898,-73.96925,42.7,2/3/2015,7.16,",,W",0,",,W,2400",0,",,W,",8,",,W,",,,26,",,W",13,",,W",310,",,W",310,",,W",17,",,W",27.1,",,W",,,,,,,,,,
USW00094728,"NY CITY CENTRAL PARK, NY US",40.77898,-73.96925,42.7,2/4/2015,4.25,",,W",0,",,W,2400",0,",,W,",8,",,W,",,,43,",,W",24,",,W",260,",,W",250,",,W",13,",,W",19,",,W",,,,,,,,,,
USW00094728,"NY CITY CENTRAL PARK, NY US",40.77898,-73.96925,42.7,2/5/2015,8.5,",,W",0,",,W,2400",0,",,W,",8,",,W,",,,42,",,W",14,",,W",360,",,W",310,",,W",19.9,",,W",30,",,W",,,,,,,,,,
USW00094728,"NY CITY CENTRAL PARK, NY US",40.77898,-73.96925,42.7,2/6/2015,7.16,",,W",0,",,W,2400",0,",,W,",8,",,W,",,,27,",,W",12,",,W",270,",,W",240,",,W",17,",,W",25.9,",,W",,,,,,,,,,
USW00094728,"NY CITY CENTRAL PARK, NY US",40.77898,-73.96925,42.7,2/7/2015,3.8,",,W",0.02,",,W,2400",0,"T,,W,",8,",,W,",,,40,",,W",25,",,W",260,",,W",250,",,W",12.1,",,W",18.1,",,W",,,,,,,,,1,",,W"
USW00094728,"NY CITY CENTRAL PARK, NY US",40.77898,-73.96925,42.7,2/8/2015,8.5,",,W",0,",,W,2400",0,",,W,",8,",,W,",,,37,",,W",29,",,W",70,",,W",60,",,W",18.1,",,W",25.9,",,W",1,",,W",,,,,,,1,",,W"
USW00094728,"NY CITY CENTRAL PARK, NY US",40.77898,-73.96925,42.7,2/9/2015,10.96,",,W",0.09,",,W,2400",0,"T,,W,",8,",,W,",,,29,",,W",25,",,W",60,",,W",50,",,W",19.9,",,W",29.1,",,W",,,,,,,,,1,",,W"
USW00094728,"NY CITY CENTRAL PARK, NY US",40.77898,-73.96925,42.7,2/10/2015,10.51,",,W",0.01,",,W,2400",0.1,",,W,",8,",,W,",,,40,",,W",26,",,W",30,",,W",30,",,W",18.1,",,W",28,",,W",,,,,,,,,1,",,W"
USW00094728,"NY CITY CENTRAL PARK, NY US",40.77898,-73.96925,42.7,2/11/2015,6.49,",,W",0,",,W,2400",0,",,W,",8,",,W,",,,34,",,W",22,",,W",50,",,W",60,",,W",18.1,",,W",25.9,",,W",,,,,,,,,,
USW00094728,"NY CITY CENTRAL PARK, NY US",40.77898,-73.96925,42.7,2/12/2015,7.38,",,W",0,"T,,W,2400",0,"T,,W,",8,",,W,",,,40,",,W",16,",,W",310,",,W",320,",,W",21.9,",,W",38.9,",,W",,,,,,,,,1,",,W"
USW00094728,"NY CITY CENTRAL PARK, NY US",40.77898,-73.96925,42.7,2/13/2015,9.17,",,W",0,",,W,2400",0,",,W,",8,",,W,",,,21,",,W",8,",,W",310,",,W",300,",,W",21.9,",,W",36.9,",,W",,,,,,,,,,
USW00094728,"NY CITY CENTRAL PARK, NY US",40.77898,-73.96925,42.7,2/14/2015,5.37,",,W",0.02,",,W,2400",0.9,",,W,",8,",,W,",,,32,",,W",16,",,W",10,",,W",250,",,W",14.1,",,W",23,",,W",,,,,,,,,1,",,W"
USW00094728,"NY CITY CENTRAL PARK, NY US",40.77898,-73.96925,42.7,2/15/2015,14.54,",,W",0,"T,,W,2400",0,"T,,W,",9,",,W,",,,25,",,W",4,",,W",300,",,W",310,",,W",23,",,W",42.1,",,W",,,,,,,,,1,",,W"
USW00094728,"NY CITY CENTRAL PARK, NY US",40.77898,-73.96925,42.7,2/16/2015,6.93,",,W",0,",,W,2400",0,",,W,",9,",,W,",,,21,",,W",3,",,W",310,",,W",320,",,W",21,",,W",36.9,",,W",,,,,,,,,,
USW00094728,"NY CITY CENTRAL PARK, NY US",40.77898,-73.96925,42.7,2/17/2015,4.7,",,W",0.14,",,W,2400",3.3,",,W,",12,",,W,",,,27,",,W",14,",,W",50,",,W",30,",,W",12.1,",,W",16.1,",,W",,,,,,,,,1,",,W"
USW00094728,"NY CITY CENTRAL PARK, NY US",40.77898,-73.96925,42.7,2/18/2015,4.25,",,W",0,"T,,W,2400",0,"T,,W,",9,",,W,",,,33,",,W",19,",,W",250,",,W",260,",,W",15,",,W",21,",,W",,,,,,,,,1,",,W"
USW00094728,"NY CITY CENTRAL PARK, NY US",40.77898,-73.96925,42.7,2/19/2015,11.41,",,W",0,",,W,2400",0,",,W,",9,",,W,",,,27,",,W",8,",,W",280,",,W",280,",,W",19.9,",,W",31.1,",,W",,,,,,,,,,
USW00094728,"NY CITY CENTRAL PARK, NY US",40.77898,-73.96925,42.7,2/20/2015,10.29,",,W",0,",,W,2400",0,",,W,",9,",,W,",,,19,",,W",2,",,W",290,",,W",290,",,W",21.9,",,W",36,",,W",,,,,,,,,,
USW00094728,"NY CITY CENTRAL PARK, NY US",40.77898,-73.96925,42.7,2/21/2015,4.47,",,W",0.61,",,W,2400",3,",,W,",9,",,W,",,,32,",,W",13,",,W",200,",,W",180,",,W",14.1,",,W",23,",,W",1,",,W",,,,,1,",,W",1,",,W"
USW00094728,"NY CITY CENTRAL PARK, NY US",40.77898,-73.96925,42.7,2/22/2015,2.91,",,W",0.1,",,W,2400",1,",,W,",13,",,W,",,,43,",,W",32,",,W",290,",,W",280,",,W",12.1,",,W",17,",,W",1,",,W",,,,,1,",,W",1,",,W"
USW00094728,"NY CITY CENTRAL PARK, NY US",40.77898,-73.96925,42.7,2/23/2015,11.18,",,W",0,",,W,2400",0,",,W,",12,",,W,",,,38,",,W",8,",,W",310,",,W",320,",,W",17,",,W",29.1,",,W",,,,,,,,,,
USW00094728,"NY CITY CENTRAL PARK, NY US",40.77898,-73.96925,42.7,2/24/2015,5.82,",,W",0,",,W,2400",0,",,W,",12,",,W,",,,24,",,W",4,",,W",170,",,W",180,",,W",14.1,",,W",23,",,W",,,,,,,,,,
USW00094728,"NY CITY CENTRAL PARK, NY US",40.77898,-73.96925,42.7,2/25/2015,6.49,",,W",0,",,W,2400",0,",,W,",12,",,W,",,,37,",,W",20,",,W",280,",,W",280,",,W",15,",,W",23.9,",,W",,,,,,,,,,
USW00094728,"NY CITY CENTRAL PARK, NY US",40.77898,-73.96925,42.7,2/26/2015,7.16,",,W",0,",,W,2400",0,",,W,",11,",,W,",,,32,",,W",21,",,W",50,",,W",50,",,W",15,",,W",19.9,",,W",,,,,,,,,1,",,W"
USW00094728,"NY CITY CENTRAL PARK, NY US",40.77898,-73.96925,42.7,2/27/2015,6.04,",,W",0,",,W,2400",0,",,W,",11,",,W,",,,30,",,W",18,",,W",310,",,W",300,",,W",13,",,W",19.9,",,W",,,,,,,,,,
USW00094728,"NY CITY CENTRAL PARK, NY US",40.77898,-73.96925,42.7,2/28/2015,3.58,",,W",0,",,W,2400",0,",,W,",11,",,W,",,,29,",,W",13,",,W",350,",,W",350,",,W",12.1,",,W",18.1,",,W",,,,,,,,,,
USW00094728,"NY CITY CENTRAL PARK, NY US",40.77898,-73.96925,42.7,3/1/2015,2.24,",,W",0.52,",,W,2400",4.8,",,W,",10,",,W,",,,31,",,W",24,",,W",170,",,W",170,",,W",15,",,W",19.9,",,W",1,",,W",1,",,W",,,,,1,",,W"
USW00094728,"NY CITY CENTRAL PARK, NY US",40.77898,-73.96925,42.7,3/2/2015,8.05,",,W",0,",,W,2400",0,",,W,",15,",,W,",,,39,",,W",27,",,W",310,",,W",300,",,W",18.1,",,W",34,",,W",,,,,,,,,1,",,W"
USW00094728,"NY CITY CENTRAL PARK, NY US",40.77898,-73.96925,42.7,3/3/2015,4.92,",,W",0.67,",,W,2400",1.8,",,W,",14,",,W,",,,37,",,W",22,",,W",240,",,W",250,",,W",14.1,",,W",23.9,",,W",1,",,W",,,,,1,",,W",1,",,W"
USW00094728,"NY CITY CENTRAL PARK, NY US",40.77898,-73.96925,42.7,3/4/2015,6.04,",,W",0.25,",,W,2400",0,",,W,",13,",,W,",,,45,",,W",35,",,W",250,",,W",250,",,W",15,",,W",25.1,",,W",1,",,W",,,,,,,1,",,W"
USW00094728,"NY CITY CENTRAL PARK, NY US",40.77898,-73.96925,42.7,3/5/2015,5.82,",,W",0.76,",,W,2400",7.5,",,W,",13,",,W,",,,40,",,W",19,",,W",310,",,W",300,",,W",14.1,",,W",19.9,",,W",1,",,W",1,",,W",,,,,1,",,W"
USW00094728,"NY CITY CENTRAL PARK, NY US",40.77898,-73.96925,42.7,3/6/2015,6.26,",,W",0,",,W,2400",0,",,W,",19,",,W,",,,27,",,W",12,",,W",250,",,W",250,",,W",14.1,",,W",19.9,",,W",,,,,,,,,,
USW00094728,"NY CITY CENTRAL PARK, NY US",40.77898,-73.96925,42.7,3/7/2015,5.14,",,W",0,",,W,2400",0,",,W,",18,",,W,",,,38,",,W",18,",,W",250,",,W",250,",,W",16.1,",,W",23.9,",,W",,,,,,,,,1,",,W"
USW00094728,"NY CITY CENTRAL PARK, NY US",40.77898,-73.96925,42.7,3/8/2015,5.14,",,W",0,",,W,2400",0,",,W,",16,",,W,",,,49,",,W",37,",,W",280,",,W",270,",,W",19.9,",,W",30,",,W",,,,,,,,,,
USW00094728,"NY CITY CENTRAL PARK, NY US",40.77898,-73.96925,42.7,3/9/2015,4.7,",,W",0.01,",,W,2400",0,",,W,",13,",,W,",,,54,",,W",40,",,W",290,",,W",290,",,W",16.1,",,W",25.1,",,W",,,,,,,,,,
USW00094728,"NY CITY CENTRAL PARK, NY US",40.77898,-73.96925,42.7,3/10/2015,3.58,",,W",0.46,",,W,2400",0,",,W,",11,",,W,",,,53,",,W",39,",,W",180,",,W",170,",,W",12.1,",,W",17,",,W",1,",,W",,,,,,,1,",,W"
USW00094728,"NY CITY CENTRAL PARK, NY US",40.77898,-73.96925,42.7,3/11/2015,6.93,",,W",0.01,",,W,2400",0,",,W,",6,",,W,",,,59,",,W",44,",,W",320,",,W",330,",,W",14.1,",,W",21.9,",,W",1,",,W",,,,,,,,
USW00094728,"NY CITY CENTRAL PARK, NY US",40.77898,-73.96925,42.7,3/12/2015,8.28,",,W",0,",,W,2400",0,",,W,",4,",,W,",,,47,",,W",36,",,W",350,",,W",310,",,W",19.9,",,W",33.1,",,W",,,,,,,,,,
USW00094728,"NY CITY CENTRAL PARK, NY US",40.77898,-73.96925,42.7,3/13/2015,6.49,",,W",0,",,W,2400",0,",,W,",2,",,W,",,,43,",,W",31,",,W",170,",,W",190,",,W",13,",,W",19.9,",,W",,,,,,,,,,
USW00094728,"NY CITY CENTRAL PARK, NY US",40.77898,-73.96925,42.7,3/14/2015,5.59,",,W",0.81,",,W,2400",0,",,W,",1,",,W,",,,51,",,W",40,",,W",160,",,W",170,",,W",15,",,W",21.9,",,W",1,",,W",,,,,,,,
USW00094728,"NY CITY CENTRAL PARK, NY US",40.77898,-73.96925,42.7,3/15/2015,11.41,",,W",0,",,W,2400",0,",,W,",0,",,W,",,,44,",,W",36,",,W",310,",,W",320,",,W",23,",,W",40.9,",,W",,,,,,,,,,
USW00094728,"NY CITY CENTRAL PARK, NY US",40.77898,-73.96925,42.7,3/16/2015,3.8,",,W",0,",,W,2400",0,",,W,",0,",,W,",,,52,",,W",35,",,W",310,",,W",310,",,W",13,",,W",19.9,",,W",,,,,,,,,,
USW00094728,"NY CITY CENTRAL PARK, NY US",40.77898,-73.96925,42.7,3/17/2015,9.62,",,W",0.02,",,W,2400",0,",,W,",0,",,W,",,,57,",,W",34,",,W",310,",,W",310,",,W",23.9,",,W",42.9,",,W",,,,,,,,,1,",,W"
USW00094728,"NY CITY CENTRAL PARK, NY US",40.77898,-73.96925,42.7,3/18/2015,9.62,",,W",0,",,W,2400",0,",,W,",0,",,W,",,,39,",,W",29,",,W",310,",,W",290,",,W",19.9,",,W",35.1,",,W",,,,,,,,,1,",,W"
USW00094728,"NY CITY CENTRAL PARK, NY US",40.77898,-73.96925,42.7,3/19/2015,5.82,",,W",0,",,W,2400",0,",,W,",0,",,W,",,,43,",,W",29,",,W",280,",,W",310,",,W",14.1,",,W",21.9,",,W",,,,,,,,,,
USW00094728,"NY CITY CENTRAL PARK, NY US",40.77898,-73.96925,42.7,3/20/2015,7.83,",,W",0.4,",,W,2400",4.5,",,W,",0,",,W,",,,38,",,W",29,",,W",60,",,W",70,",,W",17,",,W",21.9,",,W",1,",,W",1,",,W",,,,,1,",,W"
USW00094728,"NY CITY CENTRAL PARK, NY US",40.77898,-73.96925,42.7,3/21/2015,5.37,",,W",0,"T,,W,2400",0,"T,,W,",5,",,W,",,,47,",,W",29,",,W",310,",,W",320,",,W",16.1,",,W",27.1,",,W",1,",,W",,,,,,,1,",,W"
USW00094728,"NY CITY CENTRAL PARK, NY US",40.77898,-73.96925,42.7,3/22/2015,7.61,",,W",0,",,W,2400",0,",,W,",0,",,W,",,,43,",,W",28,",,W",310,",,W",310,",,W",18.1,",,W",30,",,W",,,,,,,,,,
USW00094728,"NY CITY CENTRAL PARK, NY US",40.77898,-73.96925,42.7,3/23/2015,6.71,",,W",0,",,W,2400",0,",,W,",0,",,W,",,,38,",,W",23,",,W",310,",,W",280,",,W",16.1,",,W",27.1,",,W",,,,,,,,,,
USW00094728,"NY CITY CENTRAL PARK, NY US",40.77898,-73.96925,42.7,3/24/2015,4.03,",,W",0,",,W,2400",0,",,W,",0,",,W,",,,45,",,W",26,",,W",360,",,W",360,",,W",13,",,W",17,",,W",,,,,,,,,,
USW00094728,"NY CITY CENTRAL PARK, NY US",40.77898,-73.96925,42.7,3/25/2015,4.47,",,W",0.05,",,W,2400",0,",,W,",0,",,W,",,,49,",,W",34,",,W",160,",,W",180,",,W",13,",,W",21.9,",,W",1,",,W",,,,,,,1,",,W"
USW00094728,"NY CITY CENTRAL PARK, NY US",40.77898,-73.96925,42.7,3/26/2015,2.91,",,W",0.32,",,W,2400",0,",,W,",0,",,W,",,,62,",,W",42,",,W",30,",,W",360,",,W",14.1,",,W",23,",,W",1,",,W",,,,,,,1,",,W"
USW00094728,"NY CITY CENTRAL PARK, NY US",40.77898,-73.96925,42.7,3/27/2015,4.25,",,W",0.27,",,W,2400",0,",,W,",0,",,W,",,,46,",,W",39,",,W",360,",,W",290,",,W",12.1,",,W",18.1,",,W",1,",,W",,,,,,,,
USW00094728,"NY CITY CENTRAL PARK, NY US",40.77898,-73.96925,42.7,3/28/2015,7.61,",,W",0,"T,,W,2400",0,"T,,W,",0,",,W,",,,40,",,W",26,",,W",10,",,W",310,",,W",15,",,W",23,",,W",,,,,,,,,1,",,W"
USW00094728,"NY CITY CENTRAL PARK, NY US",40.77898,-73.96925,42.7,3/29/2015,6.26,",,W",0,",,W,2400",0,",,W,",0,",,W,",,,46,",,W",25,",,W",230,",,W",250,",,W",14.1,",,W",21.9,",,W",,,,,,,,,,
USW00094728,"NY CITY CENTRAL PARK, NY US",40.77898,-73.96925,42.7,3/30/2015,7.83,",,W",0,"T,,W,2400",0,"T,,W,",0,",,W,",,,54,",,W",36,",,W",290,",,W",280,",,W",23.9,",,W",44.1,",,W",,,,,,,,,,
USW00094728,"NY CITY CENTRAL PARK, NY US",40.77898,-73.96925,42.7,3/31/2015,5.37,",,W",0.17,",,W,2400",0,"T,,W,",0,",,W,",,,47,",,W",35,",,W",280,",,W",280,",,W",13,",,W",19.9,",,W",1,",,W",,,,,,,,
USW00094728,"NY CITY CENTRAL PARK, NY US",40.77898,-73.96925,42.7,4/1/2015,5.14,",,W",0,",,W,2400",0,",,W,",0,",,W,",,,51,",,W",32,",,W",280,",,W",280,",,W",15,",,W",23,",,W",,,,,,,,,,
USW00094728,"NY CITY CENTRAL PARK, NY US",40.77898,-73.96925,42.7,4/2/2015,6.26,",,W",0,",,W,2400",0,",,W,",0,",,W,",,,67,",,W",41,",,W",250,",,W",260,",,W",19.9,",,W",31.1,",,W",,,,,,,,,,
USW00094728,"NY CITY CENTRAL PARK, NY US",40.77898,-73.96925,42.7,4/3/2015,6.71,",,W",0.04,",,W,2400",0,",,W,",0,",,W,",,,64,",,W",59,",,W",250,",,W",250,",,W",16.1,",,W",25.1,",,W",1,",,W",,,,,,,1,",,W"
USW00094728,"NY CITY CENTRAL PARK, NY US",40.77898,-73.96925,42.7,4/4/2015,10.07,",,W",0.01,",,W,2400",0,",,W,",0,",,W,",,,60,",,W",42,",,W",310,",,W",310,",,W",23.9,",,W",40.9,",,W",1,",,W",,,,,,,,
USW00094728,"NY CITY CENTRAL PARK, NY US",40.77898,-73.96925,42.7,4/5/2015,4.92,",,W",0,",,W,2400",0,",,W,",0,",,W,",,,61,",,W",42,",,W",280,",,W",290,",,W",18.1,",,W",30,",,W",,,,,,,,,,
USW00094728,"NY CITY CENTRAL PARK, NY US",40.77898,-73.96925,42.7,4/6/2015,4.25,",,W",0,",,W,2400",0,",,W,",0,",,W,",,,63,",,W",42,",,W",250,",,W",250,",,W",12.1,",,W",18.1,",,W",,,,,,,,,,
USW00094728,"NY CITY CENTRAL PARK, NY US",40.77898,-73.96925,42.7,4/7/2015,6.93,",,W",0.15,",,W,2400",0,",,W,",0,",,W,",,,62,",,W",42,",,W",60,",,W",50,",,W",17,",,W",25.1,",,W",1,",,W",,,,,,,1,",,W"
USW00094728,"NY CITY CENTRAL PARK, NY US",40.77898,-73.96925,42.7,4/8/2015,11.41,",,W",0,",,W,2400",0,",,W,",0,",,W,",,,45,",,W",37,",,W",70,",,W",60,",,W",21.9,",,W",32,",,W",1,",,W",,,,,,,1,",,W"
USW00094728,"NY CITY CENTRAL PARK, NY US",40.77898,-73.96925,42.7,4/9/2015,8.95,",,W",0,",,W,2400",0,",,W,",0,",,W,",,,43,",,W",37,",,W",60,",,W",60,",,W",18.1,",,W",25.1,",,W",1,",,W",,,,,,,1,",,W"
USW00094728,"NY CITY CENTRAL PARK, NY US",40.77898,-73.96925,42.7,4/10/2015,4.7,",,W",0.17,",,W,2400",0,",,W,",0,",,W,",,,56,",,W",39,",,W",290,",,W",290,",,W",14.1,",,W",21.9,",,W",1,",,W",,,,,,,1,",,W"
USW00094728,"NY CITY CENTRAL PARK, NY US",40.77898,-73.96925,42.7,4/11/2015,8.72,",,W",0,",,W,2400",0,",,W,",0,",,W,",,,57,",,W",44,",,W",310,",,W",300,",,W",17,",,W",29.1,",,W",,,,,,,,,,
USW00094728,"NY CITY CENTRAL PARK, NY US",40.77898,-73.96925,42.7,4/12/2015,3.36,",,W",0,",,W,2400",0,",,W,",0,",,W,",,,66,",,W",43,",,W",250,",,W",260,",,W",13,",,W",21,",,W",,,,,,,,,,
USW00094728,"NY CITY CENTRAL PARK, NY US",40.77898,-73.96925,42.7,4/13/2015,4.7,",,W",0,",,W,2400",0,",,W,",0,",,W,",,,68,",,W",50,",,W",170,",,W",180,",,W",15,",,W",23.9,",,W",,,,,,,,,,
USW00094728,"NY CITY CENTRAL PARK, NY US",40.77898,-73.96925,42.7,4/14/2015,3.8,",,W",0.01,",,W,2400",0,",,W,",0,",,W,",,,65,",,W",55,",,W",240,",,W",240,",,W",13,",,W",21.9,",,W",,,,,,,,,,
USW00094728,"NY CITY CENTRAL PARK, NY US",40.77898,-73.96925,42.7,4/15/2015,6.26,",,W",0,",,W,2400",0,",,W,",0,",,W,",,,72,",,W",51,",,W",40,",,W",40,",,W",21,",,W",35.1,",,W",,,,,,,,,,
USW00094728,"NY CITY CENTRAL PARK, NY US",40.77898,-73.96925,42.7,4/16/2015,6.49,",,W",0,",,W,2400",0,",,W,",0,",,W,",,,64,",,W",52,",,W",170,",,W",170,",,W",16.1,",,W",21,",,W",,,,,,,,,,
USW00094728,"NY CITY CENTRAL PARK, NY US",40.77898,-73.96925,42.7,4/17/2015,5.14,",,W",0.08,",,W,2400",0,",,W,",0,",,W,",,,71,",,W",55,",,W",240,",,W",250,",,W",15,",,W",25.1,",,W",,,,,,,,,,
USW00094728,"NY CITY CENTRAL PARK, NY US",40.77898,-73.96925,42.7,4/18/2015,4.25,",,W",0,",,W,2400",0,",,W,",0,",,W,",,,80,",,W",59,",,W",350,",,W",360,",,W",15,",,W",25.1,",,W",,,,,,,,,,
USW00094728,"NY CITY CENTRAL PARK, NY US",40.77898,-73.96925,42.7,4/19/2015,8.5,",,W",0,",,W,2400",0,",,W,",0,",,W,",,,64,",,W",48,",,W",180,",,W",170,",,W",15,",,W",21.9,",,W",,,,,,,,,,
USW00094728,"NY CITY CENTRAL PARK, NY US",40.77898,-73.96925,42.7,4/20/2015,7.38,",,W",1.37,",,W,2400",0,",,W,",0,",,W,",,,57,",,W",46,",,W",130,",,W",110,",,W",16.1,",,W",27.1,",,W",1,",,W",,,,,,,,
USW00094728,"NY CITY CENTRAL PARK, NY US",40.77898,-73.96925,42.7,4/21/2015,6.04,",,W",0.2,",,W,2400",0,",,W,",0,",,W,",,,65,",,W",52,",,W",290,",,W",290,",,W",16.1,",,W",23.9,",,W",1,",,W",,,,,,,,
USW00094728,"NY CITY CENTRAL PARK, NY US",40.77898,-73.96925,42.7,4/22/2015,6.49,",,W",0.05,",,W,2400",0,",,W,",0,",,W,",,,69,",,W",48,",,W",270,",,W",290,",,W",19.9,",,W",33.1,",,W",,,,,,,,,,
USW00094728,"NY CITY CENTRAL PARK, NY US",40.77898,-73.96925,42.7,4/23/2015,9.17,",,W",0,",,W,2400",0,",,W,",0,",,W,",,,52,",,W",41,",,W",310,",,W",320,",,W",21,",,W",33.1,",,W",,,,,,,,,,
USW00094728,"NY CITY CENTRAL PARK, NY US",40.77898,-73.96925,42.7,4/24/2015,8.5,",,W",0,",,W,2400",0,",,W,",0,",,W,",,,52,",,W",39,",,W",310,",,W",20,",,W",17,",,W",33.1,",,W",,,,,,,,,,
USW00094728,"NY CITY CENTRAL PARK, NY US",40.77898,-73.96925,42.7,4/25/2015,5.59,",,W",0,",,W,2400",0,",,W,",0,",,W,",,,62,",,W",38,",,W",50,",,W",280,",,W",14.1,",,W",21.9,",,W",,,,,,,,,,
USW00094728,"NY CITY CENTRAL PARK, NY US",40.77898,-73.96925,42.7,4/26/2015,5.14,",,W",0,",,W,2400",0,",,W,",0,",,W,",,,64,",,W",46,",,W",50,",,W",40,",,W",13,",,W",21,",,W",,,,,,,,,,
USW00094728,"NY CITY CENTRAL PARK, NY US",40.77898,-73.96925,42.7,4/27/2015,5.82,",,W",0,",,W,2400",0,",,W,",0,",,W,",,,62,",,W",49,",,W",310,",,W",310,",,W",16.1,",,W",28,",,W",,,,,,,,,,
USW00094728,"NY CITY CENTRAL PARK, NY US",40.77898,-73.96925,42.7,4/28/2015,7.83,",,W",0,",,W,2400",0,",,W,",0,",,W,",,,71,",,W",50,",,W",20,",,W",10,",,W",17,",,W",25.9,",,W",,,,,,,,,,
USW00094728,"NY CITY CENTRAL PARK, NY US",40.77898,-73.96925,42.7,4/29/2015,5.59,",,W",0,",,W,2400",0,",,W,",0,",,W,",,,78,",,W",50,",,W",60,",,W",50,",,W",17,",,W",23,",,W",,,,,,,,,,
USW00094728,"NY CITY CENTRAL PARK, NY US",40.77898,-73.96925,42.7,4/30/2015,8.05,",,W",0,",,W,2400",0,",,W,",0,",,W,",,,67,",,W",48,",,W",60,",,W",60,",,W",15,",,W",21,",,W",,,,,,,,,,
USW00094728,"NY CITY CENTRAL PARK, NY US",40.77898,-73.96925,42.7,5/1/2015,5.14,",,W",0,",,W,2400",0,",,W,",0,",,W,",,,63,",,W",49,",,W",50,",,W",160,",,W",14.1,",,W",18.1,",,W",,,,,,,,,,
USW00094728,"NY CITY CENTRAL PARK, NY US",40.77898,-73.96925,42.7,5/2/2015,2.91,",,W",0,",,W,2400",0,",,W,",0,",,W,",,,74,",,W",48,",,W",160,",,W",160,",,W",15,",,W",21.9,",,W",,,,,,,,,1,",,W"
USW00094728,"NY CITY CENTRAL PARK, NY US",40.77898,-73.96925,42.7,5/3/2015,2.46,",,W",0,",,W,2400",0,",,W,",0,",,W,",,,80,",,W",51,",,W",180,",,W",180,",,W",10.1,",,W",18.1,",,W",,,,,,,,,,
USW00094728,"NY CITY CENTRAL PARK, NY US",40.77898,-73.96925,42.7,5/4/2015,5.37,",,W",0,",,W,2400",0,",,W,",0,",,W,",,,85,",,W",57,",,W",230,",,W",210,",,W",15,",,W",23,",,W",,,,,,,,,,
USW00094728,"NY CITY CENTRAL PARK, NY US",40.77898,-73.96925,42.7,5/5/2015,4.03,",,W",0,",,W,2400",0,",,W,",0,",,W,",,,85,",,W",66,",,W",250,",,W",250,",,W",13,",,W",21,",,W",,,,,,,,,,
USW00094728,"NY CITY CENTRAL PARK, NY US",40.77898,-73.96925,42.7,5/6/2015,4.92,",,W",0,"T,,W,2400",0,",,W,",0,",,W,",,,73,",,W",59,",,W",60,",,W",50,",,W",14.1,",,W",23,",,W",,,,,,,,,,
USW00094728,"NY CITY CENTRAL PARK, NY US",40.77898,-73.96925,42.7,5/7/2015,2.24,",,W",0,",,W,2400",0,",,W,",0,",,W,",,,80,",,W",56,",,W",180,",,W",170,",,W",10.1,",,W",17,",,W",,,,,,,,,1,",,W"
USW00094728,"NY CITY CENTRAL PARK, NY US",40.77898,-73.96925,42.7,5/8/2015,2.91,",,W",0,",,W,2400",0,",,W,",0,",,W,",,,82,",,W",56,",,W",160,",,W",170,",,W",13,",,W",21,",,W",1,",,W",,,,,,,1,",,W"
USW00094728,"NY CITY CENTRAL PARK, NY US",40.77898,-73.96925,42.7,5/9/2015,4.25,",,W",0,",,W,2400",0,",,W,",0,",,W,",,,70,",,W",57,",,W",60,",,W",170,",,W",8.9,",,W",13,",,W",1,",,W",,,,,,,1,",,W"
USW00094728,"NY CITY CENTRAL PARK, NY US",40.77898,-73.96925,42.7,5/10/2015,3.58,",,W",0,",,W,2400",0,",,W,",0,",,W,",,,83,",,W",61,",,W",230,",,W",240,",,W",13,",,W",23,",,W",1,",,W",,,,,,,1,",,W"
USW00094728,"NY CITY CENTRAL PARK, NY US",40.77898,-73.96925,42.7,5/11/2015,3.8,",,W",0,"T,,W,2400",0,",,W,",0,",,W,",,,84,",,W",70,",,W",250,",,W",240,",,W",13,",,W",25.1,",,W",,,,,,,,,1,",,W"
USW00094728,"NY CITY CENTRAL PARK, NY US",40.77898,-73.96925,42.7,5/12/2015,5.37,",,W",0,",,W,2400",0,",,W,",0,",,W,",,,86,",,W",64,",,W",240,",,W",270,",,W",15,",,W",28,",,W",1,",,W",,,,,,,1,",,W"
USW00094728,"NY CITY CENTRAL PARK, NY US",40.77898,-73.96925,42.7,5/13/2015,7.38,",,W",0,",,W,2400",0,",,W,",0,",,W,",,,70,",,W",53,",,W",300,",,W",300,",,W",15,",,W",25.9,",,W",,,,,,,,,,
USW00094728,"NY CITY CENTRAL PARK, NY US",40.77898,-73.96925,42.7,5/14/2015,3.8,",,W",0,",,W,2400",0,",,W,",0,",,W,",,,73,",,W",50,",,W",250,",,W",240,",,W",13,",,W",19.9,",,W",,,,,,,,,,
USW00094728,"NY CITY CENTRAL PARK, NY US",40.77898,-73.96925,42.7,5/15/2015,3.36,",,W",0,",,W,2400",0,",,W,",0,",,W,",,,75,",,W",55,",,W",160,",,W",180,",,W",13,",,W",21.9,",,W",,,,,,,,,,
USW00094728,"NY CITY CENTRAL PARK, NY US",40.77898,-73.96925,42.7,5/16/2015,2.01,",,W",0.3,",,W,2400",0,",,W,",0,",,W,",,,75,",,W",57,",,W",260,",,W",260,",,W",10.1,",,W",16.1,",,W",1,",,W",,,,,,,,
USW00094728,"NY CITY CENTRAL PARK, NY US",40.77898,-73.96925,42.7,5/17/2015,2.01,",,W",0.02,",,W,2400",0,",,W,",0,",,W,",,,83,",,W",64,",,W",10,",,W",20,",,W",6.9,",,W",11,",,W",1,",,W",,,,,,,1,",,W"
USW00094728,"NY CITY CENTRAL PARK, NY US",40.77898,-73.96925,42.7,5/18/2015,4.7,",,W",0,",,W,2400",0,",,W,",0,",,W,",,,75,",,W",60,",,W",70,",,W",70,",,W",14.1,",,W",18.1,",,W",1,",,W",,,,,,,1,",,W"
USW00094728,"NY CITY CENTRAL PARK, NY US",40.77898,-73.96925,42.7,5/19/2015,2.46,",,W",0,"T,,W,2400",0,",,W,",0,",,W,",,,80,",,W",59,",,W",350,",,W",300,",,W",14.1,",,W",25.9,",,W",1,",,W",,,,,,,1,",,W"
USW00094728,"NY CITY CENTRAL PARK, NY US",40.77898,-73.96925,42.7,5/20/2015,6.93,",,W",0,",,W,2400",0,",,W,",0,",,W,",,,67,",,W",54,",,W",300,",,W",320,",,W",14.1,",,W",27.1,",,W",,,,,,,,,,
USW00094728,"NY CITY CENTRAL PARK, NY US",40.77898,-73.96925,42.7,5/21/2015,2.68,",,W",0,",,W,2400",0,",,W,",0,",,W,",,,62,",,W",52,",,W",270,",,W",250,",,W",12.1,",,W",16.1,",,W",,,,,,,,,,
USW00094728,"NY CITY CENTRAL PARK, NY US",40.77898,-73.96925,42.7,5/22/2015,6.04,",,W",0,",,W,2400",0,",,W,",0,",,W,",,,74,",,W",55,",,W",290,",,W",280,",,W",18.1,",,W",29.1,",,W",,,,,,,,,,
USW00094728,"NY CITY CENTRAL PARK, NY US",40.77898,-73.96925,42.7,5/23/2015,4.47,",,W",0,",,W,2400",0,",,W,",0,",,W,",,,70,",,W",49,",,W",300,",,W",300,",,W",15,",,W",25.1,",,W",,,,,,,,,,
USW00094728,"NY CITY CENTRAL PARK, NY US",40.77898,-73.96925,42.7,5/24/2015,3.8,",,W",0,",,W,2400",0,",,W,",0,",,W,",,,81,",,W",56,",,W",240,",,W",250,",,W",10.1,",,W",18.1,",,W",,,,,,,,,,
USW00094728,"NY CITY CENTRAL PARK, NY US",40.77898,-73.96925,42.7,5/25/2015,4.92,",,W",0,",,W,2400",0,",,W,",0,",,W,",,,85,",,W",64,",,W",240,",,W",200,",,W",13,",,W",21,",,W",,,,,,,,,,
USW00094728,"NY CITY CENTRAL PARK, NY US",40.77898,-73.96925,42.7,5/26/2015,5.14,",,W",0,",,W,2400",0,",,W,",0,",,W,",,,88,",,W",67,",,W",230,",,W",250,",,W",12.1,",,W",19.9,",,W",,,,,,,,,,
USW00094728,"NY CITY CENTRAL PARK, NY US",40.77898,-73.96925,42.7,5/27/2015,5.14,",,W",0.08,",,W,2400",0,",,W,",0,",,W,",,,85,",,W",70,",,W",170,",,W",160,",,W",15,",,W",23,",,W",1,",,W",,,,,,,1,",,W"
USW00094728,"NY CITY CENTRAL PARK, NY US",40.77898,-73.96925,42.7,5/28/2015,4.03,",,W",0,",,W,2400",0,",,W,",0,",,W,",,,85,",,W",70,",,W",30,",,W",310,",,W",12.1,",,W",19.9,",,W",,,,,,,,,1,",,W"
USW00094728,"NY CITY CENTRAL PARK, NY US",40.77898,-73.96925,42.7,5/29/2015,4.03,",,W",0,",,W,2400",0,",,W,",0,",,W,",,,85,",,W",65,",,W",50,",,W",160,",,W",12.1,",,W",17,",,W",,,,,,,,,,
USW00094728,"NY CITY CENTRAL PARK, NY US",40.77898,-73.96925,42.7,5/30/2015,5.59,",,W",0,",,W,2400",0,",,W,",0,",,W,",,,85,",,W",67,",,W",180,",,W",180,",,W",14.1,",,W",25.1,",,W",,,,,,,,,,
USW00094728,"NY CITY CENTRAL PARK, NY US",40.77898,-73.96925,42.7,5/31/2015,5.59,",,W",1.46,",,W,2400",0,",,W,",0,",,W,",,,87,",,W",57,",,W",80,",,W",60,",,W",19.9,",,W",28,",,W",1,",,W",1,",,W",,,,,1,",,W"
USW00094728,"NY CITY CENTRAL PARK, NY US",40.77898,-73.96925,42.7,6/1/2015,10.29,",,W",0.72,",,W,2400",0,",,W,",0,",,W,",,,58,",,W",51,",,W",70,",,W",70,",,W",16.1,",,W",29.1,",,W",1,",,W",,,,,,,,
USW00094728,"NY CITY CENTRAL PARK, NY US",40.77898,-73.96925,42.7,6/2/2015,6.26,",,W",0.37,",,W,2400",0,",,W,",0,",,W,",,,55,",,W",50,",,W",60,",,W",50,",,W",14.1,",,W",19,",,W",1,",,W",,,,,,,,
USW00094728,"NY CITY CENTRAL PARK, NY US",40.77898,-73.96925,42.7,6/3/2015,4.7,",,W",0,",,W,2400",0,",,W,",0,",,W,",,,70,",,W",52,",,W",150,",,W",180,",,W",10.1,",,W",16.1,",,W",1,",,W",,,,,,,,
USW00094728,"NY CITY CENTRAL PARK, NY US",40.77898,-73.96925,42.7,6/4/2015,5.14,",,W",0,",,W,2400",0,",,W,",0,",,W,",,,65,",,W",54,",,W",60,",,W",80,",,W",12.1,",,W",16.1,",,W",,,,,,,,,,
USW00094728,"NY CITY CENTRAL PARK, NY US",40.77898,-73.96925,42.7,6/5/2015,2.91,",,W",0.13,",,W,2400",0,",,W,",0,",,W,",,,70,",,W",55,",,W",80,",,W",50,",,W",8.9,",,W",14.1,",,W",1,",,W",,,,,,,1,",,W"
USW00094728,"NY CITY CENTRAL PARK, NY US",40.77898,-73.96925,42.7,6/6/2015,4.7,",,W",0.19,",,W,2400",0,",,W,",0,",,W,",,,76,",,W",60,",,W",330,",,W",50,",,W",8.9,",,W",21.9,",,W",1,",,W",,,,,,,,
USW00094728,"NY CITY CENTRAL PARK, NY US",40.77898,-73.96925,42.7,6/7/2015,3.8,",,W",0,",,W,2400",0,",,W,",0,",,W,",,,74,",,W",55,",,W",190,",,W",180,",,W",12.1,",,W",23,",,W",,,,,,,,,,
USW00094728,"NY CITY CENTRAL PARK, NY US",40.77898,-73.96925,42.7,6/8/2015,6.04,",,W",0.06,",,W,2400",0,",,W,",0,",,W,",,,79,",,W",63,",,W",250,",,W",240,",,W",15,",,W",27.1,",,W",1,",,W",,,,,,,,
USW00094728,"NY CITY CENTRAL PARK, NY US",40.77898,-73.96925,42.7,6/9/2015,4.92,",,W",0.01,",,W,2400",0,",,W,",0,",,W,",,,83,",,W",68,",,W",290,",,W",280,",,W",15,",,W",25.1,",,W",1,",,W",,,,,,,1,",,W"
USW00094728,"NY CITY CENTRAL PARK, NY US",40.77898,-73.96925,42.7,6/10/2015,3.13,",,W",0,",,W,2400",0,",,W,",0,",,W,",,,82,",,W",65,",,W",230,",,W",250,",,W",13,",,W",19.9,",,W",,,,,,,,,,
USW00094728,"NY CITY CENTRAL PARK, NY US",40.77898,-73.96925,42.7,6/11/2015,4.47,",,W",0,",,W,2400",0,",,W,",0,",,W,",,,89,",,W",72,",,W",250,",,W",250,",,W",14.1,",,W",19,",,W",,,,,,,,,1,",,W"
USW00094728,"NY CITY CENTRAL PARK, NY US",40.77898,-73.96925,42.7,6/12/2015,4.47,",,W",0,",,W,2400",0,",,W,",0,",,W,",,,88,",,W",73,",,W",170,",,W",240,",,W",13,",,W",23,",,W",,,,,,,,,1,",,W"
USW00094728,"NY CITY CENTRAL PARK, NY US",40.77898,-73.96925,42.7,6/13/2015,5.37,",,W",0,",,W,2400",0,",,W,",0,",,W,",,,86,",,W",72,",,W",360,",,W",320,",,W",14.1,",,W",21.9,",,W",,,,,,,,,,
USW00094728,"NY CITY CENTRAL PARK, NY US",40.77898,-73.96925,42.7,6/14/2015,2.68,",,W",0.36,",,W,2400",0,",,W,",0,",,W,",,,88,",,W",66,",,W",230,",,W",210,",,W",10.1,",,W",18.1,",,W",1,",,W",,,,,,,,
USW00094728,"NY CITY CENTRAL PARK, NY US",40.77898,-73.96925,42.7,6/15/2015,4.7,",,W",0.57,",,W,2400",0,",,W,",0,",,W,",,,83,",,W",64,",,W",70,",,W",60,",,W",17,",,W",25.1,",,W",1,",,W",,,,,,,1,",,W"
USW00094728,"NY CITY CENTRAL PARK, NY US",40.77898,-73.96925,42.7,6/16/2015,2.24,",,W",0.27,",,W,2400",0,",,W,",0,",,W,",,,79,",,W",65,",,W",290,",,W",310,",,W",8.1,",,W",13,",,W",1,",,W",,,,,,,1,",,W"
USW00094728,"NY CITY CENTRAL PARK, NY US",40.77898,-73.96925,42.7,6/17/2015,3.8,",,W",0,"T,,W,2400",0,",,W,",0,",,W,",,,82,",,W",66,",,W",160,",,W",50,",,W",12.1,",,W",17,",,W",,,,,,,,,1,",,W"
USW00094728,"NY CITY CENTRAL PARK, NY US",40.77898,-73.96925,42.7,6/18/2015,3.58,",,W",0,",,W,2400",0,",,W,",0,",,W,",,,71,",,W",64,",,W",200,",,W",170,",,W",8.1,",,W",15,",,W",,,,,,,,,,
USW00094728,"NY CITY CENTRAL PARK, NY US",40.77898,-73.96925,42.7,6/19/2015,3.8,",,W",0,",,W,2400",0,",,W,",0,",,W,",,,87,",,W",68,",,W",60,",,W",30,",,W",10.1,",,W",16.1,",,W",,,,,,,,,,
USW00094728,"NY CITY CENTRAL PARK, NY US",40.77898,-73.96925,42.7,6/20/2015,5.37,",,W",0,"T,,W,2400",0,",,W,",0,",,W,",,,75,",,W",64,",,W",80,",,W",60,",,W",15,",,W",21.9,",,W",1,",,W",,,,,,,1,",,W"
USW00094728,"NY CITY CENTRAL PARK, NY US",40.77898,-73.96925,42.7,6/21/2015,4.47,",,W",0.64,",,W,2400",0,",,W,",0,",,W,",,,88,",,W",71,",,W",300,",,W",310,",,W",16.1,",,W",29.1,",,W",1,",,W",,,,,,,1,",,W"
USW00094728,"NY CITY CENTRAL PARK, NY US",40.77898,-73.96925,42.7,6/22/2015,4.92,",,W",0,",,W,2400",0,",,W,",0,",,W,",,,87,",,W",70,",,W",260,",,W",260,",,W",13,",,W",19,",,W",,,,,,,,,,
USW00094728,"NY CITY CENTRAL PARK, NY US",40.77898,-73.96925,42.7,6/23/2015,5.82,",,W",0.02,",,W,2400",0,",,W,",0,",,W,",,,90,",,W",75,",,W",250,",,W",250,",,W",16.1,",,W",27.1,",,W",,,,,,,,,,
USW00094728,"NY CITY CENTRAL PARK, NY US",40.77898,-73.96925,42.7,6/24/2015,4.7,",,W",0,",,W,2400",0,",,W,",0,",,W,",,,84,",,W",68,",,W",340,",,W",360,",,W",13,",,W",19,",,W",,,,,,,,,,
USW00094728,"NY CITY CENTRAL PARK, NY US",40.77898,-73.96925,42.7,6/25/2015,3.13,",,W",0,",,W,2400",0,",,W,",0,",,W,",,,83,",,W",65,",,W",240,",,W",250,",,W",13,",,W",21.9,",,W",,,,,,,,,,
USW00094728,"NY CITY CENTRAL PARK, NY US",40.77898,-73.96925,42.7,6/26/2015,4.47,",,W",0,",,W,2400",0,",,W,",0,",,W,",,,81,",,W",69,",,W",60,",,W",80,",,W",16.1,",,W",21,",,W",,,,,,,,,,
USW00094728,"NY CITY CENTRAL PARK, NY US",40.77898,-73.96925,42.7,6/27/2015,7.38,",,W",1.12,",,W,2400",0,",,W,",0,",,W,",,,71,",,W",58,",,W",60,",,W",80,",,W",16.1,",,W",23.9,",,W",1,",,W",,,,,,,,
USW00094728,"NY CITY CENTRAL PARK, NY US",40.77898,-73.96925,42.7,6/28/2015,5.37,",,W",0.29,",,W,2400",0,",,W,",0,",,W,",,,73,",,W",62,",,W",60,",,W",90,",,W",18.1,",,W",25.1,",,W",1,",,W",,,,,,,,
USW00094728,"NY CITY CENTRAL PARK, NY US",40.77898,-73.96925,42.7,6/29/2015,4.92,",,W",0,",,W,2400",0,",,W,",0,",,W,",,,76,",,W",63,",,W",250,",,W",250,",,W",12.1,",,W",19.9,",,W",,,,,,,,,,
USW00094728,"NY CITY CENTRAL PARK, NY US",40.77898,-73.96925,42.7,6/30/2015,4.92,",,W",0.04,",,W,2400",0,",,W,",0,",,W,",,,82,",,W",68,",,W",170,",,W",170,",,W",14.1,",,W",25.1,",,W",1,",,W",,,,,,,,
USW00094728,"NY CITY CENTRAL PARK, NY US",40.77898,-73.96925,42.7,7/1/2015,4.25,",,W",0.39,",,W,2400",0,",,W,",0,",,W,",,,82,",,W",69,",,W",260,",,W",270,",,W",14.1,",,W",31.1,",,W",1,",,W",,,,,,,1,",,W"
USW00094728,"NY CITY CENTRAL PARK, NY US",40.77898,-73.96925,42.7,7/2/2015,1.12,",,W",0,",,W,2400",0,",,W,",0,",,W,",,,80,",,W",69,",,W",40,",,W",50,",,W",8.1,",,W",12.1,",,W",,,,,,,,,,
USW00094728,"NY CITY CENTRAL PARK, NY US",40.77898,-73.96925,42.7,7/3/2015,2.91,",,W",0,",,W,2400",0,",,W,",0,",,W,",,,82,",,W",66,",,W",60,",,W",20,",,W",8.9,",,W",13,",,W",,,,,,,,,,
USW00094728,"NY CITY CENTRAL PARK, NY US",40.77898,-73.96925,42.7,7/4/2015,3.36,",,W",0,"T,,W,2400",0,",,W,",0,",,W,",,,75,",,W",69,",,W",100,",,W",50,",,W",8.9,",,W",14.1,",,W",,,,,,,,,1,",,W"
USW00094728,"NY CITY CENTRAL PARK, NY US",40.77898,-73.96925,42.7,7/5/2015,1.57,",,W",0,",,W,2400",0,",,W,",0,",,W,",,,83,",,W",68,",,W",180,",,W",170,",,W",6.9,",,W",12.1,",,W",,,,,,,,,,
USW00094728,"NY CITY CENTRAL PARK, NY US",40.77898,-73.96925,42.7,7/6/2015,2.91,",,W",0,",,W,2400",0,",,W,",0,",,W,",,,83,",,W",72,",,W",160,",,W",160,",,W",12.1,",,W",18.1,",,W",,,,,,,,,1,",,W"
USW00094728,"NY CITY CENTRAL PARK, NY US",40.77898,-73.96925,42.7,7/7/2015,4.92,",,W",0.12,",,W,2400",0,",,W,",0,",,W,",,,88,",,W",75,",,W",240,",,W",250,",,W",13,",,W",23,",,W",1,",,W",,,,,,,1,",,W"
USW00094728,"NY CITY CENTRAL PARK, NY US",40.77898,-73.96925,42.7,7/8/2015,3.13,",,W",0,"T,,W,2400",0,",,W,",0,",,W,",,,88,",,W",77,",,W",280,",,W",270,",,W",13,",,W",21.9,",,W",,,,,,,,,1,",,W"
USW00094728,"NY CITY CENTRAL PARK, NY US",40.77898,-73.96925,42.7,7/9/2015,4.7,",,W",0.3,",,W,2400",0,",,W,",0,",,W,",,,79,",,W",68,",,W",70,",,W",170,",,W",12.1,",,W",18.1,",,W",1,",,W",,,,,,,1,",,W"
USW00094728,"NY CITY CENTRAL PARK, NY US",40.77898,-73.96925,42.7,7/10/2015,4.7,",,W",0,",,W,2400",0,",,W,",0,",,W,",,,84,",,W",72,",,W",20,",,W",300,",,W",12.1,",,W",21,",,W",1,",,W",,,,,,,,
USW00094728,"NY CITY CENTRAL PARK, NY US",40.77898,-73.96925,42.7,7/11/2015,2.46,",,W",0,",,W,2400",0,",,W,",0,",,W,",,,88,",,W",69,",,W",40,",,W",50,",,W",10.1,",,W",15,",,W",,,,,,,,,,
USW00094728,"NY CITY CENTRAL PARK, NY US",40.77898,-73.96925,42.7,7/12/2015,2.01,",,W",0,",,W,2400",0,",,W,",0,",,W,",,,89,",,W",72,",,W",240,",,W",250,",,W",6.9,",,W",12.1,",,W",,,,,,,,,,
USW00094728,"NY CITY CENTRAL PARK, NY US",40.77898,-73.96925,42.7,7/13/2015,2.68,",,W",0,",,W,2400",0,",,W,",0,",,W,",,,88,",,W",73,",,W",160,",,W",180,",,W",10.1,",,W",18.1,",,W",,,,,,,,,,
USW00094728,"NY CITY CENTRAL PARK, NY US",40.77898,-73.96925,42.7,7/14/2015,2.68,",,W",0.42,",,W,2400",0,",,W,",0,",,W,",,,82,",,W",73,",,W",160,",,W",180,",,W",8.1,",,W",16.1,",,W",1,",,W",,,,,,,1,",,W"
USW00094728,"NY CITY CENTRAL PARK, NY US",40.77898,-73.96925,42.7,7/15/2015,4.47,",,W",0.12,",,W,2400",0,",,W,",0,",,W,",,,81,",,W",72,",,W",10,",,W",10,",,W",13,",,W",21.9,",,W",1,",,W",,,,,,,1,",,W"
USW00094728,"NY CITY CENTRAL PARK, NY US",40.77898,-73.96925,42.7,7/16/2015,5.59,",,W",0,",,W,2400",0,",,W,",0,",,W,",,,80,",,W",64,",,W",50,",,W",60,",,W",15,",,W",23,",,W",,,,,,,,,,
USW00094728,"NY CITY CENTRAL PARK, NY US",40.77898,-73.96925,42.7,7/17/2015,3.8,",,W",0,",,W,2400",0,",,W,",0,",,W,",,,81,",,W",67,",,W",180,",,W",190,",,W",12.1,",,W",21,",,W",,,,,,,,,,
USW00094728,"NY CITY CENTRAL PARK, NY US",40.77898,-73.96925,42.7,7/18/2015,4.47,",,W",0.32,",,W,2400",0,",,W,",0,",,W,",,,85,",,W",71,",,W",260,",,W",240,",,W",10.1,",,W",19,",,W",1,",,W",,,,,,,1,",,W"
USW00094728,"NY CITY CENTRAL PARK, NY US",40.77898,-73.96925,42.7,7/19/2015,3.13,",,W",0,",,W,2400",0,",,W,",0,",,W,",,,93,",,W",78,",,W",260,",,W",260,",,W",14.1,",,W",21.9,",,W",,,,,,,,,,
USW00094728,"NY CITY CENTRAL PARK, NY US",40.77898,-73.96925,42.7,7/20/2015,4.47,",,W",0,",,W,2400",0,",,W,",0,",,W,",,,94,",,W",82,",,W",270,",,W",290,",,W",12.1,",,W",19,",,W",,,,,,,,,,
USW00094728,"NY CITY CENTRAL PARK, NY US",40.77898,-73.96925,42.7,7/21/2015,2.46,",,W",0,"T,,W,2400",0,",,W,",0,",,W,",,,89,",,W",74,",,W",290,",,W",260,",,W",10.1,",,W",19,",,W",,,,,,,,,,
USW00094728,"NY CITY CENTRAL PARK, NY US",40.77898,-73.96925,42.7,7/22/2015,5.82,",,W",0,",,W,2400",0,",,W,",0,",,W,",,,85,",,W",69,",,W",290,",,W",290,",,W",14.1,",,W",23,",,W",,,,,,,,,,
USW00094728,"NY CITY CENTRAL PARK, NY US",40.77898,-73.96925,42.7,7/23/2015,3.8,",,W",0,",,W,2400",0,",,W,",0,",,W,",,,86,",,W",68,",,W",280,",,W",280,",,W",13,",,W",19,",,W",,,,,,,,,,
USW00094728,"NY CITY CENTRAL PARK, NY US",40.77898,-73.96925,42.7,7/24/2015,2.01,",,W",0,",,W,2400",0,",,W,",0,",,W,",,,87,",,W",70,",,W",40,",,W",360,",,W",10.1,",,W",15,",,W",,,,,,,,,,
USW00094728,"NY CITY CENTRAL PARK, NY US",40.77898,-73.96925,42.7,7/25/2015,3.13,",,W",0,",,W,2400",0,",,W,",0,",,W,",,,88,",,W",69,",,W",160,",,W",170,",,W",10.1,",,W",19,",,W",,,,,,,,,,
USW00094728,"NY CITY CENTRAL PARK, NY US",40.77898,-73.96925,42.7,7/26/2015,4.47,",,W",0,"T,,W,2400",0,",,W,",0,",,W,",,,90,",,W",74,",,W",180,",,W",220,",,W",12.1,",,W",23,",,W",,,,,,,,,,
USW00094728,"NY CITY CENTRAL PARK, NY US",40.77898,-73.96925,42.7,7/27/2015,2.91,",,W",0.36,",,W,2400",0,",,W,",0,",,W,",,,86,",,W",71,",,W",10,",,W",30,",,W",19.9,",,W",21.9,",,W",1,",,W",,,,,,,1,",,W"
USW00094728,"NY CITY CENTRAL PARK, NY US",40.77898,-73.96925,42.7,7/28/2015,2.68,",,W",0,",,W,2400",0,",,W,",0,",,W,",,,95,",,W",75,",,W",60,",,W",170,",,W",8.9,",,W",12.1,",,W",,,,,,,,,1,",,W"
USW00094728,"NY CITY CENTRAL PARK, NY US",40.77898,-73.96925,42.7,7/29/2015,3.8,",,W",0,",,W,2400",0,",,W,",0,",,W,",,,96,",,W",78,",,W",250,",,W",260,",,W",10.1,",,W",17,",,W",,,,,,,,,,
USW00094728,"NY CITY CENTRAL PARK, NY US",40.77898,-73.96925,42.7,7/30/2015,4.25,",,W",1.95,",,W,2400",0,",,W,",0,",,W,",,,87,",,W",76,",,W",220,",,W",260,",,W",12.1,",,W",21.9,",,W",1,",,W",,,,,,,1,",,W"
USW00094728,"NY CITY CENTRAL PARK, NY US",40.77898,-73.96925,42.7,7/31/2015,3.36,",,W",0,",,W,2400",0,",,W,",0,",,W,",,,89,",,W",72,",,W",290,",,W",250,",,W",12.1,",,W",18.1,",,W",1,",,W",,,,,,,1,",,W"
USW00094728,"NY CITY CENTRAL PARK, NY US",40.77898,-73.96925,42.7,8/1/2015,4.47,",,W",0,",,W,2400",0,",,W,",0,",,W,",,,89,",,W",75,",,W",290,",,W",270,",,W",14.1,",,W",21.9,",,W",,,,,,,,,,
USW00094728,"NY CITY CENTRAL PARK, NY US",40.77898,-73.96925,42.7,8/2/2015,2.01,",,W",0,",,W,2400",0,",,W,",0,",,W,",,,89,",,W",71,",,W",260,",,W",250,",,W",12.1,",,W",17,",,W",,,,,,,,,,
USW00094728,"NY CITY CENTRAL PARK, NY US",40.77898,-73.96925,42.7,8/3/2015,4.92,",,W",0,",,W,2400",0,",,W,",0,",,W,",,,90,",,W",75,",,W",250,",,W",250,",,W",12.1,",,W",21,",,W",,,,,,,,,,
USW00094728,"NY CITY CENTRAL PARK, NY US",40.77898,-73.96925,42.7,8/4/2015,5.37,",,W",0.43,",,W,2400",0,",,W,",0,",,W,",,,89,",,W",69,",,W",290,",,W",290,",,W",23,",,W",36.9,",,W",1,",,W",,,,,,,,
USW00094728,"NY CITY CENTRAL PARK, NY US",40.77898,-73.96925,42.7,8/5/2015,2.91,",,W",0,",,W,2400",0,",,W,",0,",,W,",,,87,",,W",72,",,W",300,",,W",270,",,W",12.1,",,W",21,",,W",,,,,,,,,,
USW00094728,"NY CITY CENTRAL PARK, NY US",40.77898,-73.96925,42.7,8/6/2015,2.46,",,W",0,",,W,2400",0,",,W,",0,",,W,",,,83,",,W",67,",,W",290,",,W",280,",,W",8.9,",,W",14.1,",,W",,,,,,,,,,
USW00094728,"NY CITY CENTRAL PARK, NY US",40.77898,-73.96925,42.7,8/7/2015,5.37,",,W",0,",,W,2400",0,",,W,",0,",,W,",,,84,",,W",69,",,W",130,",,W",50,",,W",13,",,W",18.1,",,W",,,,,,,,,,
USW00094728,"NY CITY CENTRAL PARK, NY US",40.77898,-73.96925,42.7,8/8/2015,3.8,",,W",0,",,W,2400",0,",,W,",0,",,W,",,,82,",,W",68,",,W",60,",,W",70,",,W",12.1,",,W",15,",,W",,,,,,,,,,
USW00094728,"NY CITY CENTRAL PARK, NY US",40.77898,-73.96925,42.7,8/9/2015,3.8,",,W",0,",,W,2400",0,",,W,",0,",,W,",,,85,",,W",68,",,W",80,",,W",160,",,W",10.1,",,W",17,",,W",,,,,,,,,,
USW00094728,"NY CITY CENTRAL PARK, NY US",40.77898,-73.96925,42.7,8/10/2015,4.47,",,W",0,",,W,2400",0,",,W,",0,",,W,",,,84,",,W",70,",,W",160,",,W",160,",,W",13,",,W",19.9,",,W",,,,,,,,,,
USW00094728,"NY CITY CENTRAL PARK, NY US",40.77898,-73.96925,42.7,8/11/2015,4.25,",,W",1.17,",,W,2400",0,",,W,",0,",,W,",,,81,",,W",71,",,W",250,",,W",160,",,W",12.1,",,W",21,",,W",1,",,W",,,,,,,,
USW00094728,"NY CITY CENTRAL PARK, NY US",40.77898,-73.96925,42.7,8/12/2015,4.7,",,W",0,",,W,2400",0,",,W,",0,",,W,",,,85,",,W",71,",,W",280,",,W",300,",,W",12.1,",,W",19,",,W",,,,,,,,,,
USW00094728,"NY CITY CENTRAL PARK, NY US",40.77898,-73.96925,42.7,8/13/2015,3.13,",,W",0,",,W,2400",0,",,W,",0,",,W,",,,83,",,W",67,",,W",330,",,W",290,",,W",10.1,",,W",15,",,W",,,,,,,,,,
USW00094728,"NY CITY CENTRAL PARK, NY US",40.77898,-73.96925,42.7,8/14/2015,2.91,",,W",0,",,W,2400",0,",,W,",0,",,W,",,,88,",,W",67,",,W",250,",,W",180,",,W",8.9,",,W",18.1,",,W",,,,,,,,,,
USW00094728,"NY CITY CENTRAL PARK, NY US",40.77898,-73.96925,42.7,8/15/2015,3.36,",,W",0,",,W,2400",0,",,W,",0,",,W,",,,92,",,W",73,",,W",250,",,W",180,",,W",8.1,",,W",16.1,",,W",,,,,,,,,,
USW00094728,"NY CITY CENTRAL PARK, NY US",40.77898,-73.96925,42.7,8/16/2015,1.57,",,W",0,",,W,2400",0,",,W,",0,",,W,",,,93,",,W",76,",,W",140,",,W",120,",,W",8.9,",,W",17,",,W",,,,,,,,,,
USW00094728,"NY CITY CENTRAL PARK, NY US",40.77898,-73.96925,42.7,8/17/2015,3.36,",,W",0,",,W,2400",0,",,W,",0,",,W,",,,95,",,W",78,",,W",260,",,W",240,",,W",10.1,",,W",15,",,W",,,,,,,,,,
USW00094728,"NY CITY CENTRAL PARK, NY US",40.77898,-73.96925,42.7,8/18/2015,4.03,",,W",0.29,",,W,2400",0,",,W,",0,",,W,",,,90,",,W",73,",,W",250,",,W",240,",,W",14.1,",,W",25.1,",,W",1,",,W",,,,,,,1,",,W"
USW00094728,"NY CITY CENTRAL PARK, NY US",40.77898,-73.96925,42.7,8/19/2015,4.03,",,W",0,",,W,2400",0,",,W,",0,",,W,",,,87,",,W",77,",,W",140,",,W",180,",,W",12.1,",,W",21.9,",,W",,,,,,,,,,
USW00094728,"NY CITY CENTRAL PARK, NY US",40.77898,-73.96925,42.7,8/20/2015,5.59,",,W",0.01,",,W,2400",0,",,W,",0,",,W,",,,86,",,W",77,",,W",170,",,W",170,",,W",16.1,",,W",25.1,",,W",,,,,,,,,,
USW00094728,"NY CITY CENTRAL PARK, NY US",40.77898,-73.96925,42.7,8/21/2015,4.25,",,W",0.32,",,W,2400",0,",,W,",0,",,W,",,,87,",,W",71,",,W",340,",,W",240,",,W",12.1,",,W",16.1,",,W",1,",,W",,,,,,,,
USW00094728,"NY CITY CENTRAL PARK, NY US",40.77898,-73.96925,42.7,8/22/2015,4.47,",,W",0,",,W,2400",0,",,W,",0,",,W,",,,86,",,W",69,",,W",60,",,W",50,",,W",10.1,",,W",16.1,",,W",,,,,,,,,1,",,W"
USW00094728,"NY CITY CENTRAL PARK, NY US",40.77898,-73.96925,42.7,8/23/2015,4.03,",,W",0,",,W,2400",0,",,W,",0,",,W,",,,85,",,W",70,",,W",120,",,W",120,",,W",10.1,",,W",14.1,",,W",,,,,,,,,,
USW00094728,"NY CITY CENTRAL PARK, NY US",40.77898,-73.96925,42.7,8/24/2015,2.46,",,W",0,",,W,2400",0,",,W,",0,",,W,",,,87,",,W",73,",,W",200,",,W",200,",,W",8.9,",,W",18.1,",,W",,,,,,,,,,
USW00094728,"NY CITY CENTRAL PARK, NY US",40.77898,-73.96925,42.7,8/25/2015,3.8,",,W",0,",,W,2400",0,",,W,",0,",,W,",,,90,",,W",73,",,W",290,",,W",250,",,W",10.1,",,W",18.1,",,W",,,,,,,,,,
USW00094728,"NY CITY CENTRAL PARK, NY US",40.77898,-73.96925,42.7,8/26/2015,3.8,",,W",0,",,W,2400",0,",,W,",0,",,W,",,,85,",,W",67,",,W",250,",,W",240,",,W",12.1,",,W",19,",,W",,,,,,,,,,
USW00094728,"NY CITY CENTRAL PARK, NY US",40.77898,-73.96925,42.7,8/27/2015,3.13,",,W",0,",,W,2400",0,",,W,",0,",,W,",,,82,",,W",67,",,W",290,",,W",300,",,W",10.1,",,W",17,",,W",,,,,,,,,,
USW00094728,"NY CITY CENTRAL PARK, NY US",40.77898,-73.96925,42.7,8/28/2015,2.46,",,W",0,",,W,2400",0,",,W,",0,",,W,",,,82,",,W",63,",,W",290,",,W",30,",,W",8.1,",,W",14.1,",,W",,,,,,,,,,
USW00094728,"NY CITY CENTRAL PARK, NY US",40.77898,-73.96925,42.7,8/29/2015,2.01,",,W",0,",,W,2400",0,",,W,",0,",,W,",,,87,",,W",67,",,W",230,",,W",240,",,W",12.1,",,W",21,",,W",,,,,,,,,,
USW00094728,"NY CITY CENTRAL PARK, NY US",40.77898,-73.96925,42.7,8/30/2015,4.03,",,W",0.13,",,W,2400",0,",,W,",0,",,W,",,,90,",,W",72,",,W",240,",,W",230,",,W",12.1,",,W",19.9,",,W",1,",,W",,,,,,,1,",,W"
USW00094728,"NY CITY CENTRAL PARK, NY US",40.77898,-73.96925,42.7,8/31/2015,4.47,",,W",0,",,W,2400",0,",,W,",0,",,W,",,,91,",,W",76,",,W",250,",,W",250,",,W",13,",,W",21,",,W",,,,,,,,,,
USW00094728,"NY CITY CENTRAL PARK, NY US",40.77898,-73.96925,42.7,9/1/2015,2.24,",,W",0,",,W,2400",0,",,W,",0,",,W,",,,90,",,W",76,",,W",60,",,W",180,",,W",8.9,",,W",13,",,W",,,,,,,,,,
USW00094728,"NY CITY CENTRAL PARK, NY US",40.77898,-73.96925,42.7,9/2/2015,1.79,",,W",0,",,W,2400",0,",,W,",0,",,W,",,,91,",,W",74,",,W",180,",,W",150,",,W",8.9,",,W",15,",,W",,,,,,,,,1,",,W"
USW00094728,"NY CITY CENTRAL PARK, NY US",40.77898,-73.96925,42.7,9/3/2015,2.01,",,W",0,",,W,2400",0,",,W,",0,",,W,",,,93,",,W",74,",,W",50,",,W",40,",,W",10.1,",,W",14.1,",,W",,,,,,,,,1,",,W"
USW00094728,"NY CITY CENTRAL PARK, NY US",40.77898,-73.96925,42.7,9/4/2015,6.93,",,W",0,",,W,2400",0,",,W,",0,",,W,",,,85,",,W",72,",,W",60,",,W",50,",,W",17,",,W",25.1,",,W",,,,,,,,,1,",,W"
USW00094728,"NY CITY CENTRAL PARK, NY US",40.77898,-73.96925,42.7,9/5/2015,4.03,",,W",0,",,W,2400",0,",,W,",0,",,W,",,,83,",,W",67,",,W",60,",,W",60,",,W",14.1,",,W",17,",,W",,,,,,,,,,
USW00094728,"NY CITY CENTRAL PARK, NY US",40.77898,-73.96925,42.7,9/6/2015,1.34,",,W",0,",,W,2400",0,",,W,",0,",,W,",,,87,",,W",65,",,W",150,",,W",180,",,W",8.9,",,W",16.1,",,W",,,,,,,,,,
USW00094728,"NY CITY CENTRAL PARK, NY US",40.77898,-73.96925,42.7,9/7/2015,4.25,",,W",0,",,W,2400",0,",,W,",0,",,W,",,,92,",,W",70,",,W",250,",,W",270,",,W",10.1,",,W",19,",,W",,,,,,,,,,
USW00094728,"NY CITY CENTRAL PARK, NY US",40.77898,-73.96925,42.7,9/8/2015,4.92,",,W",0,",,W,2400",0,",,W,",0,",,W,",,,97,",,W",76,",,W",240,",,W",250,",,W",13,",,W",21.9,",,W",,,,,,,,,,
USW00094728,"NY CITY CENTRAL PARK, NY US",40.77898,-73.96925,42.7,9/9/2015,3.8,",,W",0,"T,,W,2400",0,",,W,",0,",,W,",,,90,",,W",76,",,W",180,",,W",180,",,W",13,",,W",25.1,",,W",1,",,W",,,,,,,,
USW00094728,"NY CITY CENTRAL PARK, NY US",40.77898,-73.96925,42.7,9/10/2015,6.26,",,W",1.58,",,W,2400",0,",,W,",0,",,W,",,,79,",,W",70,",,W",60,",,W",30,",,W",12.1,",,W",18.1,",,W",1,",,W",,,,,,,1,",,W"
USW00094728,"NY CITY CENTRAL PARK, NY US",40.77898,-73.96925,42.7,9/11/2015,5.14,",,W",0,",,W,2400",0,",,W,",0,",,W,",,,81,",,W",66,",,W",60,",,W",20,",,W",14.1,",,W",19,",,W",1,",,W",,,,,,,1,",,W"
USW00094728,"NY CITY CENTRAL PARK, NY US",40.77898,-73.96925,42.7,9/12/2015,4.25,",,W",0.29,",,W,2400",0,",,W,",0,",,W,",,,79,",,W",69,",,W",160,",,W",160,",,W",14.1,",,W",21.9,",,W",1,",,W",,,,,,,,
USW00094728,"NY CITY CENTRAL PARK, NY US",40.77898,-73.96925,42.7,9/13/2015,6.26,",,W",0.04,",,W,2400",0,",,W,",0,",,W,",,,80,",,W",62,",,W",280,",,W",270,",,W",15,",,W",25.1,",,W",1,",,W",,,,,,,,
USW00094728,"NY CITY CENTRAL PARK, NY US",40.77898,-73.96925,42.7,9/14/2015,6.49,",,W",0,",,W,2400",0,",,W,",0,",,W,",,,77,",,W",59,",,W",290,",,W",290,",,W",14.1,",,W",23,",,W",,,,,,,,,,
USW00094728,"NY CITY CENTRAL PARK, NY US",40.77898,-73.96925,42.7,9/15/2015,2.24,",,W",0,",,W,2400",0,",,W,",0,",,W,",,,84,",,W",62,",,W",260,",,W",270,",,W",8.1,",,W",13,",,W",,,,,,,,,,
USW00094728,"NY CITY CENTRAL PARK, NY US",40.77898,-73.96925,42.7,9/16/2015,1.34,",,W",0,",,W,2400",0,",,W,",0,",,W,",,,88,",,W",66,",,W",260,",,W",260,",,W",6.9,",,W",11,",,W",,,,,,,,,,
USW00094728,"NY CITY CENTRAL PARK, NY US",40.77898,-73.96925,42.7,9/17/2015,2.24,",,W",0,",,W,2400",0,",,W,",0,",,W,",,,89,",,W",68,",,W",250,",,W",180,",,W",12.1,",,W",15,",,W",,,,,,,,,,
USW00094728,"NY CITY CENTRAL PARK, NY US",40.77898,-73.96925,42.7,9/18/2015,2.01,",,W",0,",,W,2400",0,",,W,",0,",,W,",,,87,",,W",68,",,W",160,",,W",170,",,W",8.9,",,W",16.1,",,W",,,,,,,,,,
USW00094728,"NY CITY CENTRAL PARK, NY US",40.77898,-73.96925,42.7,9/19/2015,2.68,",,W",0,",,W,2400",0,",,W,",0,",,W,",,,83,",,W",68,",,W",230,",,W",240,",,W",12.1,",,W",19.9,",,W",,,,,,,,,1,",,W"
USW00094728,"NY CITY CENTRAL PARK, NY US",40.77898,-73.96925,42.7,9/20/2015,7.83,",,W",0,",,W,2400",0,",,W,",0,",,W,",,,79,",,W",64,",,W",50,",,W",40,",,W",15,",,W",23,",,W",,,,,,,,,,
USW00094728,"NY CITY CENTRAL PARK, NY US",40.77898,-73.96925,42.7,9/21/2015,7.61,",,W",0,",,W,2400",0,",,W,",0,",,W,",,,73,",,W",59,",,W",60,",,W",50,",,W",17,",,W",23.9,",,W",,,,,,,,,,
USW00094728,"NY CITY CENTRAL PARK, NY US",40.77898,-73.96925,42.7,9/22/2015,6.93,",,W",0,",,W,2400",0,",,W,",0,",,W,",,,71,",,W",62,",,W",60,",,W",60,",,W",14.1,",,W",18.1,",,W",,,,,,,,,,
USW00094728,"NY CITY CENTRAL PARK, NY US",40.77898,-73.96925,42.7,9/23/2015,2.91,",,W",0,",,W,2400",0,",,W,",0,",,W,",,,80,",,W",59,",,W",60,",,W",60,",,W",8.9,",,W",13,",,W",,,,,,,,,,
USW00094728,"NY CITY CENTRAL PARK, NY US",40.77898,-73.96925,42.7,9/24/2015,4.25,",,W",0,",,W,2400",0,",,W,",0,",,W,",,,82,",,W",60,",,W",60,",,W",60,",,W",13,",,W",18.1,",,W",,,,,,,,,,
USW00094728,"NY CITY CENTRAL PARK, NY US",40.77898,-73.96925,42.7,9/25/2015,6.26,",,W",0,",,W,2400",0,",,W,",0,",,W,",,,76,",,W",63,",,W",60,",,W",50,",,W",13,",,W",18.1,",,W",,,,,,,,,,
USW00094728,"NY CITY CENTRAL PARK, NY US",40.77898,-73.96925,42.7,9/26/2015,6.04,",,W",0,",,W,2400",0,",,W,",0,",,W,",,,72,",,W",61,",,W",60,",,W",60,",,W",18.1,",,W",25.9,",,W",,,,,,,,,,
USW00094728,"NY CITY CENTRAL PARK, NY US",40.77898,-73.96925,42.7,9/27/2015,4.92,",,W",0,",,W,2400",0,",,W,",0,",,W,",,,71,",,W",56,",,W",50,",,W",60,",,W",8.9,",,W",14.1,",,W",,,,,,,,,,
USW00094728,"NY CITY CENTRAL PARK, NY US",40.77898,-73.96925,42.7,9/28/2015,3.36,",,W",0,",,W,2400",0,",,W,",0,",,W,",,,78,",,W",65,",,W",180,",,W",170,",,W",8.9,",,W",15,",,W",,,,,,,,,1,",,W"
USW00094728,"NY CITY CENTRAL PARK, NY US",40.77898,-73.96925,42.7,9/29/2015,2.68,",,W",0.11,",,W,2400",0,",,W,",0,",,W,",,,83,",,W",72,",,W",170,",,W",150,",,W",10.1,",,W",18.1,",,W",1,",,W",,,,,,,,
USW00094728,"NY CITY CENTRAL PARK, NY US",40.77898,-73.96925,42.7,9/30/2015,8.28,",,W",1.26,",,W,2400",0,",,W,",0,",,W,",,,79,",,W",59,",,W",10,",,W",20,",,W",16.1,",,W",27.1,",,W",1,",,W",,,,,,,,
USW00094728,"NY CITY CENTRAL PARK, NY US",40.77898,-73.96925,42.7,10/1/2015,8.72,",,W",0.09,",,W,2400",0,",,W,",0,",,W,",,,64,",,W",56,",,W",30,",,W",40,",,W",16.1,",,W",23.9,",,W",1,",,W",,,,,,,,
USW00094728,"NY CITY CENTRAL PARK, NY US",40.77898,-73.96925,42.7,10/2/2015,12.53,",,W",1.08,",,W,2400",0,",,W,",0,",,W,",,,57,",,W",48,",,W",60,",,W",60,",,W",23,",,W",32,",,W",1,",,W",,,,,,,,
USW00094728,"NY CITY CENTRAL PARK, NY US",40.77898,-73.96925,42.7,10/3/2015,11.41,",,W",0.35,",,W,2400",0,",,W,",0,",,W,",,,55,",,W",49,",,W",60,",,W",50,",,W",21,",,W",31.1,",,W",1,",,W",,,,,,,1,",,W"
USW00094728,"NY CITY CENTRAL PARK, NY US",40.77898,-73.96925,42.7,10/4/2015,10.74,",,W",0,",,W,2400",0,",,W,",0,",,W,",,,63,",,W",53,",,W",60,",,W",80,",,W",21,",,W",29.1,",,W",,,,,,,,,,
USW00094728,"NY CITY CENTRAL PARK, NY US",40.77898,-73.96925,42.7,10/5/2015,6.26,",,W",0,",,W,2400",0,",,W,",0,",,W,",,,67,",,W",52,",,W",60,",,W",50,",,W",15,",,W",21,",,W",,,,,,,,,,
USW00094728,"NY CITY CENTRAL PARK, NY US",40.77898,-73.96925,42.7,10/6/2015,1.57,",,W",0,",,W,2400",0,",,W,",0,",,W,",,,73,",,W",52,",,W",70,",,W",60,",,W",8.9,",,W",12.1,",,W",,,,,,,,,,
USW00094728,"NY CITY CENTRAL PARK, NY US",40.77898,-73.96925,42.7,10/7/2015,2.91,",,W",0,",,W,2400",0,",,W,",0,",,W,",,,73,",,W",58,",,W",300,",,W",290,",,W",8.1,",,W",15,",,W",,,,,,,,,,
USW00094728,"NY CITY CENTRAL PARK, NY US",40.77898,-73.96925,42.7,10/8/2015,3.36,",,W",0,",,W,2400",0,",,W,",0,",,W,",,,72,",,W",59,",,W",150,",,W",160,",,W",8.9,",,W",15,",,W",,,,,,,,,,
USW00094728,"NY CITY CENTRAL PARK, NY US",40.77898,-73.96925,42.7,10/9/2015,4.03,",,W",0.89,",,W,2400",0,",,W,",0,",,W,",,,78,",,W",61,",,W",290,",,W",270,",,W",17,",,W",28,",,W",1,",,W",,,,,,,1,",,W"
USW00094728,"NY CITY CENTRAL PARK, NY US",40.77898,-73.96925,42.7,10/10/2015,2.46,",,W",0,",,W,2400",0,",,W,",0,",,W,",,,65,",,W",50,",,W",300,",,W",310,",,W",12.1,",,W",21.9,",,W",,,,,,,,,,
USW00094728,"NY CITY CENTRAL PARK, NY US",40.77898,-73.96925,42.7,10/11/2015,3.8,",,W",0,",,W,2400",0,",,W,",0,",,W,",,,69,",,W",53,",,W",260,",,W",250,",,W",10.1,",,W",17,",,W",,,,,,,,,,
USW00094728,"NY CITY CENTRAL PARK, NY US",40.77898,-73.96925,42.7,10/12/2015,3.8,",,W",0,",,W,2400",0,",,W,",0,",,W,",,,77,",,W",56,",,W",160,",,W",160,",,W",10.1,",,W",17,",,W",,,,,,,,,,
USW00094728,"NY CITY CENTRAL PARK, NY US",40.77898,-73.96925,42.7,10/13/2015,3.58,",,W",0.01,",,W,2400",0,",,W,",0,",,W,",,,72,",,W",61,",,W",250,",,W",260,",,W",10.1,",,W",16.1,",,W",,,,,,,,,,
USW00094728,"NY CITY CENTRAL PARK, NY US",40.77898,-73.96925,42.7,10/14/2015,3.8,",,W",0,",,W,2400",0,",,W,",0,",,W,",,,69,",,W",57,",,W",290,",,W",290,",,W",12.1,",,W",19,",,W",,,,,,,,,,
USW00094728,"NY CITY CENTRAL PARK, NY US",40.77898,-73.96925,42.7,10/15/2015,4.03,",,W",0,",,W,2400",0,",,W,",0,",,W,",,,64,",,W",51,",,W",260,",,W",250,",,W",10.1,",,W",17,",,W",,,,,,,,,,
USW00094728,"NY CITY CENTRAL PARK, NY US",40.77898,-73.96925,42.7,10/16/2015,5.37,",,W",0,",,W,2400",0,",,W,",0,",,W,",,,64,",,W",53,",,W",300,",,W",290,",,W",13,",,W",21.9,",,W",,,,,,,,,,
USW00094728,"NY CITY CENTRAL PARK, NY US",40.77898,-73.96925,42.7,10/17/2015,5.82,",,W",0,",,W,2400",0,",,W,",0,",,W,",,,56,",,W",42,",,W",310,",,W",270,",,W",13,",,W",23.9,",,W",,,,,,,,,,
USW00094728,"NY CITY CENTRAL PARK, NY US",40.77898,-73.96925,42.7,10/18/2015,4.92,",,W",0,",,W,2400",0,",,W,",0,",,W,",,,50,",,W",38,",,W",300,",,W",300,",,W",16.1,",,W",25.1,",,W",,,,,,,,,,
USW00094728,"NY CITY CENTRAL PARK, NY US",40.77898,-73.96925,42.7,10/19/2015,3.8,",,W",0,",,W,2400",0,",,W,",0,",,W,",,,53,",,W",35,",,W",250,",,W",250,",,W",14.1,",,W",23.9,",,W",,,,,,,,,,
USW00094728,"NY CITY CENTRAL PARK, NY US",40.77898,-73.96925,42.7,10/20/2015,6.04,",,W",0,",,W,2400",0,",,W,",0,",,W,",,,70,",,W",48,",,W",250,",,W",250,",,W",14.1,",,W",23.9,",,W",,,,,,,,,,
USW00094728,"NY CITY CENTRAL PARK, NY US",40.77898,-73.96925,42.7,10/21/2015,2.24,",,W",0,",,W,2400",0,",,W,",0,",,W,",,,76,",,W",57,",,W",250,",,W",240,",,W",12.1,",,W",18.1,",,W",,,,,,,,,,
USW00094728,"NY CITY CENTRAL PARK, NY US",40.77898,-73.96925,42.7,10/22/2015,4.7,",,W",0,",,W,2400",0,",,W,",0,",,W,",,,75,",,W",58,",,W",260,",,W",260,",,W",12.1,",,W",19,",,W",,,,,,,,,,
USW00094728,"NY CITY CENTRAL PARK, NY US",40.77898,-73.96925,42.7,10/23/2015,6.71,",,W",0,",,W,2400",0,",,W,",0,",,W,",,,65,",,W",45,",,W",60,",,W",290,",,W",14.1,",,W",21.9,",,W",,,,,,,,,1,",,W"
USW00094728,"NY CITY CENTRAL PARK, NY US",40.77898,-73.96925,42.7,10/24/2015,4.03,",,W",0,",,W,2400",0,",,W,",0,",,W,",,,57,",,W",40,",,W",70,",,W",60,",,W",10.1,",,W",15,",,W",,,,,,,,,,
USW00094728,"NY CITY CENTRAL PARK, NY US",40.77898,-73.96925,42.7,10/25/2015,4.92,",,W",0.05,",,W,2400",0,",,W,",0,",,W,",,,68,",,W",48,",,W",360,",,W",20,",,W",13,",,W",21.9,",,W",1,",,W",,,,,,,,
USW00094728,"NY CITY CENTRAL PARK, NY US",40.77898,-73.96925,42.7,10/26/2015,3.8,",,W",0,",,W,2400",0,",,W,",0,",,W,",,,58,",,W",46,",,W",60,",,W",30,",,W",12.1,",,W",19,",,W",,,,,,,,,,
USW00094728,"NY CITY CENTRAL PARK, NY US",40.77898,-73.96925,42.7,10/27/2015,4.47,",,W",0,",,W,2400",0,",,W,",0,",,W,",,,59,",,W",45,",,W",120,",,W",60,",,W",10.1,",,W",15,",,W",,,,,,,,,,
USW00094728,"NY CITY CENTRAL PARK, NY US",40.77898,-73.96925,42.7,10/28/2015,6.71,",,W",1.4,",,W,2400",0,",,W,",0,",,W,",,,69,",,W",53,",,W",100,",,W",190,",,W",14.1,",,W",28,",,W",1,",,W",,,,,,,1,",,W"
USW00094728,"NY CITY CENTRAL PARK, NY US",40.77898,-73.96925,42.7,10/29/2015,6.49,",,W",0.04,",,W,2400",0,",,W,",0,",,W,",,,73,",,W",57,",,W",280,",,W",280,",,W",17,",,W",30,",,W",1,",,W",,,,,,,,
USW00094728,"NY CITY CENTRAL PARK, NY US",40.77898,-73.96925,42.7,10/30/2015,5.82,",,W",0,",,W,2400",0,",,W,",0,",,W,",,,61,",,W",48,",,W",320,",,W",310,",,W",13,",,W",23.9,",,W",,,,,,,,,,
USW00094728,"NY CITY CENTRAL PARK, NY US",40.77898,-73.96925,42.7,10/31/2015,2.91,",,W",0,",,W,2400",0,",,W,",0,",,W,",,,56,",,W",42,",,W",10,",,W",40,",,W",10.1,",,W",16.1,",,W",,,,,,,,,,
USW00094728,"NY CITY CENTRAL PARK, NY US",40.77898,-73.96925,42.7,11/1/2015,4.92,",,W",0,",,W,2400",0,",,W,",0,",,W,",,,65,",,W",54,",,W",240,",,W",240,",,W",16.1,",,W",23,",,W",,,,,,,,,,
USW00094728,"NY CITY CENTRAL PARK, NY US",40.77898,-73.96925,42.7,11/2/2015,2.01,",,W",0,",,W,2400",0,",,W,",0,",,W,",,,63,",,W",54,",,W",290,",,W",240,",,W",8.1,",,W",14.1,",,W",,,,,,,,,,
USW00094728,"NY CITY CENTRAL PARK, NY US",40.77898,-73.96925,42.7,11/3/2015,2.46,",,W",0,",,W,2400",0,",,W,",0,",,W,",,,72,",,W",48,",,W",240,",,W",250,",,W",8.1,",,W",13,",,W",,,,,,,,,,
USW00094728,"NY CITY CENTRAL PARK, NY US",40.77898,-73.96925,42.7,11/4/2015,2.46,",,W",0,",,W,2400",0,",,W,",0,",,W,",,,70,",,W",56,",,W",150,",,W",170,",,W",8.9,",,W",14.1,",,W",1,",,W",,,,,,,,
USW00094728,"NY CITY CENTRAL PARK, NY US",40.77898,-73.96925,42.7,11/5/2015,2.01,",,W",0.01,",,W,2400",0,",,W,",0,",,W,",,,71,",,W",56,",,W",240,",,W",250,",,W",8.9,",,W",16.1,",,W",1,",,W",,,,,,,1,",,W"
USW00094728,"NY CITY CENTRAL PARK, NY US",40.77898,-73.96925,42.7,11/6/2015,4.7,",,W",0,",,W,2400",0,",,W,",0,",,W,",,,74,",,W",66,",,W",240,",,W",240,",,W",14.1,",,W",25.9,",,W",1,",,W",,,,,,,1,",,W"
USW00094728,"NY CITY CENTRAL PARK, NY US",40.77898,-73.96925,42.7,11/7/2015,4.47,",,W",0,",,W,2400",0,",,W,",0,",,W,",,,72,",,W",53,",,W",310,",,W",310,",,W",12.1,",,W",19,",,W",,,,,,,,,,
USW00094728,"NY CITY CENTRAL PARK, NY US",40.77898,-73.96925,42.7,11/8/2015,3.58,",,W",0,",,W,2400",0,",,W,",0,",,W,",,,56,",,W",46,",,W",310,",,W",310,",,W",15,",,W",23,",,W",,,,,,,,,,
USW00094728,"NY CITY CENTRAL PARK, NY US",40.77898,-73.96925,42.7,11/9/2015,2.01,",,W",0,",,W,2400",0,",,W,",0,",,W,",,,59,",,W",43,",,W",270,",,W",270,",,W",8.9,",,W",13,",,W",,,,,,,,,,
USW00094728,"NY CITY CENTRAL PARK, NY US",40.77898,-73.96925,42.7,11/10/2015,9.84,",,W",0.26,",,W,2400",0,",,W,",0,",,W,",,,57,",,W",51,",,W",70,",,W",60,",,W",23,",,W",34,",,W",1,",,W",,,,,,,,
USW00094728,"NY CITY CENTRAL PARK, NY US",40.77898,-73.96925,42.7,11/11/2015,4.92,",,W",0.43,",,W,2400",0,",,W,",0,",,W,",,,58,",,W",49,",,W",60,",,W",70,",,W",13,",,W",18.1,",,W",1,",,W",,,,,,,,
USW00094728,"NY CITY CENTRAL PARK, NY US",40.77898,-73.96925,42.7,11/12/2015,5.59,",,W",0.01,",,W,2400",0,",,W,",0,",,W,",,,61,",,W",51,",,W",290,",,W",280,",,W",17,",,W",28,",,W",1,",,W",,,,,,,1,",,W"
USW00094728,"NY CITY CENTRAL PARK, NY US",40.77898,-73.96925,42.7,11/13/2015,10.74,",,W",0,",,W,2400",0,",,W,",0,",,W,",,,58,",,W",46,",,W",290,",,W",280,",,W",19.9,",,W",36.9,",,W",,,,,,,,,,
USW00094728,"NY CITY CENTRAL PARK, NY US",40.77898,-73.96925,42.7,11/14/2015,7.83,",,W",0,",,W,2400",0,",,W,",0,",,W,",,,49,",,W",42,",,W",310,",,W",320,",,W",21,",,W",32,",,W",,,,,,,,,,
USW00094728,"NY CITY CENTRAL PARK, NY US",40.77898,-73.96925,42.7,11/15/2015,4.7,",,W",0,",,W,2400",0,",,W,",0,",,W,",,,58,",,W",39,",,W",240,",,W",250,",,W",13,",,W",21.9,",,W",,,,,,,,,,
USW00094728,"NY CITY CENTRAL PARK, NY US",40.77898,-73.96925,42.7,11/16/2015,4.03,",,W",0,",,W,2400",0,",,W,",0,",,W,",,,67,",,W",51,",,W",50,",,W",50,",,W",14.1,",,W",19.9,",,W",,,,,,,,,,
USW00094728,"NY CITY CENTRAL PARK, NY US",40.77898,-73.96925,42.7,11/17/2015,6.26,",,W",0,",,W,2400",0,",,W,",0,",,W,",,,52,",,W",40,",,W",60,",,W",50,",,W",17,",,W",21,",,W",,,,,,,,,,
USW00094728,"NY CITY CENTRAL PARK, NY US",40.77898,-73.96925,42.7,11/18/2015,5.14,",,W",0,",,W,2400",0,",,W,",0,",,W,",,,58,",,W",46,",,W",140,",,W",150,",,W",13,",,W",21,",,W",,,,,,,,,,
USW00094728,"NY CITY CENTRAL PARK, NY US",40.77898,-73.96925,42.7,11/19/2015,5.59,",,W",1.25,",,W,2400",0,",,W,",0,",,W,",,,64,",,W",57,",,W",160,",,W",160,",,W",17,",,W",30,",,W",1,",,W",,,,,,,1,",,W"
USW00094728,"NY CITY CENTRAL PARK, NY US",40.77898,-73.96925,42.7,11/20/2015,5.82,",,W",0,",,W,2400",0,",,W,",0,",,W,",,,64,",,W",46,",,W",290,",,W",320,",,W",15,",,W",21.9,",,W",,,,,,,,,,
USW00094728,"NY CITY CENTRAL PARK, NY US",40.77898,-73.96925,42.7,11/21/2015,6.49,",,W",0,",,W,2400",0,",,W,",0,",,W,",,,53,",,W",42,",,W",60,",,W",30,",,W",16.1,",,W",21.9,",,W",,,,,,,,,,
USW00094728,"NY CITY CENTRAL PARK, NY US",40.77898,-73.96925,42.7,11/22/2015,6.26,",,W",0.03,",,W,2400",0,",,W,",0,",,W,",,,55,",,W",42,",,W",360,",,W",20,",,W",13,",,W",21,",,W",1,",,W",,,,,,,,
USW00094728,"NY CITY CENTRAL PARK, NY US",40.77898,-73.96925,42.7,11/23/2015,5.82,",,W",0,",,W,2400",0,",,W,",0,",,W,",,,44,",,W",33,",,W",310,",,W",300,",,W",13,",,W",23,",,W",,,,,,,,,,
USW00094728,"NY CITY CENTRAL PARK, NY US",40.77898,-73.96925,42.7,11/24/2015,3.8,",,W",0,",,W,2400",0,",,W,",0,",,W,",,,46,",,W",32,",,W",260,",,W",250,",,W",12.1,",,W",16.1,",,W",,,,,,,,,,
USW00094728,"NY CITY CENTRAL PARK, NY US",40.77898,-73.96925,42.7,11/25/2015,2.68,",,W",0,",,W,2400",0,",,W,",0,",,W,",,,50,",,W",36,",,W",70,",,W",60,",,W",8.9,",,W",13,",,W",,,,,,,,,,
USW00094728,"NY CITY CENTRAL PARK, NY US",40.77898,-73.96925,42.7,11/26/2015,2.91,",,W",0,",,W,2400",0,",,W,",0,",,W,",,,60,",,W",41,",,W",180,",,W",160,",,W",8.1,",,W",14.1,",,W",,,,,,,,,,
USW00094728,"NY CITY CENTRAL PARK, NY US",40.77898,-73.96925,42.7,11/27/2015,3.8,",,W",0,",,W,2400",0,",,W,",0,",,W,",,,64,",,W",51,",,W",240,",,W",99,",,W",8.9,",,W",18.1,",,W",1,",,W",,,,,,,,
USW00094728,"NY CITY CENTRAL PARK, NY US",40.77898,-73.96925,42.7,11/28/2015,,,0.02,",,W,2400",0,",,W,",0,",,W,",,,64,",,W",45,",,W",,,,,,,,,,,,,,,,,,
USW00094728,"NY CITY CENTRAL PARK, NY US",40.77898,-73.96925,42.7,11/29/2015,,,0,",,W,2400",0,",,W,",0,",,W,",,,49,",,W",38,",,W",,,,,,,,,,,,,,,,,,
USW00094728,"NY CITY CENTRAL PARK, NY US",40.77898,-73.96925,42.7,11/30/2015,5.59,",,W",0,",,W,2400",0,",,W,",0,",,W,",,,47,",,W",33,",,W",60,",,W",240,",,W",13,",,W",19,",,W",1,",,W",,,,,,,,
USW00094728,"NY CITY CENTRAL PARK, NY US",40.77898,-73.96925,42.7,12/1/2015,6.71,",,W",0.33,",,W,2400",0,",,W,",0,",,W,",,,51,",,W",44,",,W",110,",,W",110,",,W",12.1,",,W",19,",,W",,,,,,,,,,
USW00094728,"NY CITY CENTRAL PARK, NY US",40.77898,-73.96925,42.7,12/2/2015,2.91,",,W",0.14,",,W,2400",0,",,W,",0,",,W,",,,57,",,W",46,",,W",270,",,W",260,",,W",8.9,",,W",17,",,W",,,,,,,,,,
USW00094728,"NY CITY CENTRAL PARK, NY US",40.77898,-73.96925,42.7,12/3/2015,8.5,",,W",0,"T,,W,2400",0,",,W,",0,",,W,",,,55,",,W",44,",,W",290,",,W",300,",,W",16.1,",,W",27.1,",,W",,,,,,,,,,
USW00094728,"NY CITY CENTRAL PARK, NY US",40.77898,-73.96925,42.7,12/4/2015,4.25,",,W",0,",,W,2400",0,",,W,",0,",,W,",,,51,",,W",42,",,W",280,",,W",310,",,W",12.1,",,W",18.1,",,W",,,,,,,,,,
USW00094728,"NY CITY CENTRAL PARK, NY US",40.77898,-73.96925,42.7,12/5/2015,2.24,",,W",0,",,W,2400",0,",,W,",0,",,W,",,,51,",,W",40,",,W",260,",,W",250,",,W",8.9,",,W",12.1,",,W",,,,,,,,,,
USW00094728,"NY CITY CENTRAL PARK, NY US",40.77898,-73.96925,42.7,12/6/2015,3.36,",,W",0,",,W,2400",0,",,W,",0,",,W,",,,53,",,W",39,",,W",260,",,W",260,",,W",12.1,",,W",16.1,",,W",,,,,,,,,,
USW00094728,"NY CITY CENTRAL PARK, NY US",40.77898,-73.96925,42.7,12/7/2015,3.8,",,W",0,",,W,2400",0,",,W,",0,",,W,",,,54,",,W",42,",,W",350,",,W",270,",,W",10.1,",,W",16.1,",,W",,,,,,,,,,
USW00094728,"NY CITY CENTRAL PARK, NY US",40.77898,-73.96925,42.7,12/8/2015,4.47,",,W",0,",,W,2400",0,",,W,",0,",,W,",,,49,",,W",41,",,W",20,",,W",40,",,W",13,",,W",18.1,",,W",,,,,,,,,,
USW00094728,"NY CITY CENTRAL PARK, NY US",40.77898,-73.96925,42.7,12/9/2015,4.25,",,W",0,",,W,2400",0,",,W,",0,",,W,",,,55,",,W",40,",,W",170,",,W",190,",,W",13,",,W",21.9,",,W",,,,,,,,,,
USW00094728,"NY CITY CENTRAL PARK, NY US",40.77898,-73.96925,42.7,12/10/2015,4.25,",,W",0,"T,,W,2400",0,",,W,",0,",,W,",,,60,",,W",51,",,W",260,",,W",270,",,W",12.1,",,W",18.1,",,W",,,,,,,,,,
USW00094728,"NY CITY CENTRAL PARK, NY US",40.77898,-73.96925,42.7,12/11/2015,4.7,",,W",0,",,W,2400",0,",,W,",0,",,W,",,,61,",,W",50,",,W",250,",,W",250,",,W",13,",,W",19.9,",,W",,,,,,,,,1,",,W"
USW00094728,"NY CITY CENTRAL PARK, NY US",40.77898,-73.96925,42.7,12/12/2015,2.01,",,W",0,"T,,W,2400",0,",,W,",0,",,W,",,,66,",,W",55,",,W",190,",,W",250,",,W",8.9,",,W",16.1,",,W",,,,,,,,,1,",,W"
USW00094728,"NY CITY CENTRAL PARK, NY US",40.77898,-73.96925,42.7,12/13/2015,3.36,",,W",0,",,W,2400",0,",,W,",0,",,W,",,,67,",,W",55,",,W",130,",,W",140,",,W",12.1,",,W",18.1,",,W",,,,,,,,,1,",,W"
USW00094728,"NY CITY CENTRAL PARK, NY US",40.77898,-73.96925,42.7,12/14/2015,4.7,",,W",0.33,",,W,2400",0,",,W,",0,",,W,",,,67,",,W",53,",,W",160,",,W",180,",,W",13,",,W",19,",,W",1,",,W",,,,,,,1,",,W"
USW00094728,"NY CITY CENTRAL PARK, NY US",40.77898,-73.96925,42.7,12/15/2015,10.51,",,W",0.09,",,W,2400",0,",,W,",0,",,W,",,,68,",,W",53,",,W",290,",,W",310,",,W",21,",,W",34,",,W",,,,,,,,,,
USW00094728,"NY CITY CENTRAL PARK, NY US",40.77898,-73.96925,42.7,12/16/2015,5.37,",,W",0.04,",,W,2400",0,",,W,",0,",,W,",,,53,",,W",46,",,W",360,",,W",350,",,W",14.1,",,W",21.9,",,W",1,",,W",,,,,,,1,",,W"
USW00094728,"NY CITY CENTRAL PARK, NY US",40.77898,-73.96925,42.7,12/17/2015,4.92,",,W",1.21,",,W,2400",0,",,W,",0,",,W,",,,59,",,W",50,",,W",170,",,W",170,",,W",12.1,",,W",18.1,",,W",1,",,W",,,,,,,1,",,W"
USW00094728,"NY CITY CENTRAL PARK, NY US",40.77898,-73.96925,42.7,12/18/2015,6.71,",,W",0,"T,,W,2400",0,",,W,",0,",,W,",,,57,",,W",38,",,W",310,",,W",320,",,W",17,",,W",25.9,",,W",,,,,,,,,,
USW00094728,"NY CITY CENTRAL PARK, NY US",40.77898,-73.96925,42.7,12/19/2015,9.4,",,W",0,",,W,2400",0,",,W,",0,",,W,",,,40,",,W",35,",,W",290,",,W",280,",,W",19.9,",,W",30,",,W",,,,,,,,,,
USW00094728,"NY CITY CENTRAL PARK, NY US",40.77898,-73.96925,42.7,12/20/2015,6.04,",,W",0,",,W,2400",0,",,W,",0,",,W,",,,43,",,W",34,",,W",310,",,W",320,",,W",17,",,W",25.9,",,W",,,,,,,,,,
USW00094728,"NY CITY CENTRAL PARK, NY US",40.77898,-73.96925,42.7,12/21/2015,7.16,",,W",0,",,W,2400",0,",,W,",0,",,W,",,,56,",,W",39,",,W",250,",,W",240,",,W",17,",,W",29.1,",,W",,,,,,,,,,
USW00094728,"NY CITY CENTRAL PARK, NY US",40.77898,-73.96925,42.7,12/22/2015,4.92,",,W",0.19,",,W,2400",0,",,W,",0,",,W,",,,62,",,W",53,",,W",180,",,W",260,",,W",14.1,",,W",19.9,",,W",1,",,W",,,,,,,,
USW00094728,"NY CITY CENTRAL PARK, NY US",40.77898,-73.96925,42.7,12/23/2015,3.58,",,W",1.55,",,W,2400",0,",,W,",0,",,W,",,,64,",,W",52,",,W",180,",,W",170,",,W",10.1,",,W",17,",,W",1,",,W",,,,,,,1,",,W"
USW00094728,"NY CITY CENTRAL PARK, NY US",40.77898,-73.96925,42.7,12/24/2015,4.47,",,W",0.01,",,W,2400",0,",,W,",0,",,W,",,,72,",,W",63,",,W",270,",,W",210,",,W",15,",,W",27.1,",,W",1,",,W",,,,,,,1,",,W"
USW00094728,"NY CITY CENTRAL PARK, NY US",40.77898,-73.96925,42.7,12/25/2015,0.89,",,W",0.01,",,W,2400",0,",,W,",0,",,W,",,,66,",,W",57,",,W",310,",,W",310,",,W",8.1,",,W",12.1,",,W",1,",,W",,,,,,,1,",,W"
USW00094728,"NY CITY CENTRAL PARK, NY US",40.77898,-73.96925,42.7,12/26/2015,8.05,",,W",0,"T,,W,2400",0,",,W,",0,",,W,",,,59,",,W",47,",,W",40,",,W",40,",,W",15,",,W",21.9,",,W",1,",,W",,,,,,,,
USW00094728,"NY CITY CENTRAL PARK, NY US",40.77898,-73.96925,42.7,12/27/2015,5.82,",,W",0.12,",,W,2400",0,",,W,",0,",,W,",,,61,",,W",46,",,W",310,",,W",320,",,W",15,",,W",25.9,",,W",1,",,W",,,,,,,1,",,W"
USW00094728,"NY CITY CENTRAL PARK, NY US",40.77898,-73.96925,42.7,12/28/2015,8.28,",,W",0.03,",,W,2400",0,"T,,W,",0,",,W,",,,46,",,W",34,",,W",90,",,W",100,",,W",18.1,",,W",28,",,W",,,,,1,",,W",,,1,",,W"
USW00094728,"NY CITY CENTRAL PARK, NY US",40.77898,-73.96925,42.7,12/29/2015,6.93,",,W",0.45,",,W,2400",0,"T,,W,",0,",,W,",,,46,",,W",34,",,W",100,",,W",120,",,W",18.1,",,W",23.9,",,W",1,",,W",,,1,",,W",,,1,",,W"
USW00094728,"NY CITY CENTRAL PARK, NY US",40.77898,-73.96925,42.7,12/30/2015,4.03,",,W",0.19,",,W,2400",0,",,W,",0,",,W,",,,48,",,W",38,",,W",120,",,W",110,",,W",8.9,",,W",13,",,W",1,",,W",,,,,,,1,",,W"
USW00094728,"NY CITY CENTRAL PARK, NY US",40.77898,-73.96925,42.7,12/31/2015,5.37,",,W",0.03,",,W,2400",0,",,W,",0,",,W,",,,48,",,W",42,",,W",300,",,W",300,",,W",14.1,",,W",19.9,",,W",1,",,W",,,,,,,,
